Workbook
Name CustTblsExclusionYear: [1]Tables!#REF!
Name CustTblsExclusionYear: [1]Tables!#REF!
Name input_Annual: [1]Input!$K$183
Name input_BidType: [1]Input!$K$98
Name input_BioHumiraAdj: [1]Input!$K$39
Name input_BiosimHumira: [1]Input!$K$38
Name input_BiosimStelara: [1]Input!$K$42
Name input_BioStelaraAdj: [1]Input!$K$43
Name input_client_nm: [1]Input!$K$96
Name input_CustomSP: [1]Input!$K$110
Name input_Device: [1]Input!$K$134
Name input_excl_custNDC: [1]Input!$K$148
Name input_excl_custNDC_desc: [1]Input!$M$148
Name input_excl_custNDC_rebates: [1]Input!$M$149
Name input_excl_HIV: [1]Input!$K$146
Name input_excl_nonRebatable: [1]Input!$K$147
Name input_formulary: [1]Input!$K$30
Name input_Formulary_Excls: [1]Input!$K$143
Name input_GB: [1]Input!$K$104
Name input_GF_NSP: [1]Input!$K$101
Name input_GF_NSP_mnth: [1]Input!$K$102
Name input_GF_SP: [1]Input!$L$101
Name input_GF_SP_mnth: [1]Input!$L$102
Name input_HepB: [1]Input!$K$113
Name input_HIV: [1]Input!$K$114
Name input_Institutional_NDCs: [1]Input!$K$142
Name input_Insulin: [1]Input!$K$139
Name input_IVIG: [1]Input!$K$115
Name input_LDD: [1]Input!$K$141
Name input_Lift: [1]Input!$K$121
Name input_LOB: [1]Input!$K$97
Name input_MCRPartBCov: [1]Input!$K$172
Name input_mfp: [1]Input!$K$177
Name input_MFP_AdjCurr: #REF!
Name input_MSB: [1]Input!$K$137
Name input_Narcolepsy: [1]Input!$K$116
Name input_Nausea: [1]Input!$K$117
Name input_NonFDA: [1]Input!$K$140
Name input_oGLP1: [1]Input!$K$164
Name input_oGLP1_Mbrs: [1]Input!$K$165
Name input_OTC: [1]Input!$K$133
Name input_PCSK9: [1]Input!$K$145
Name input_RebateCredit: [1]Input!$K$125
Name input_RebateDollars: [1]Input!$K$130
Name input_Repack: [1]Input!$K$136
Name input_rpt_name: [1]Input!$C$5
Name input_Shift: [1]Input!$K$123
Name input_SP: [1]Input!$K$105
Name input_spR_PCSK9: [1]Input!$K$119
Name input_Synthroid: [1]Input!$K$144
Name input_Transplant: [1]Input!$K$118
Name input_TS: [1]Input!$K$138
Name input_Vaccine: [1]Input!$K$135
Name input_WghtLossCov: [1]Input!$K$155
Name input_WghtLossCovTdy: [1]Input!$K$160
Name input_WghtLossEnhUM: [1]Input!$K$157
Name load_out: [1]Tables!$C$9
Name load_rates: [1]Tables!$C$11
Name load_shift: [1]Tables!$C$10
Name Medispan_w_Override_URL: [1]Tables!$BD$17

Sheet Rate Build-up
I1: =LEFT(I56,1) -> G | J1: =I1 -> G | K1: =J1 -> G | L1: =K1 -> G | M1: =L1 -> G | N1: =LEFT(N56,1) -> B | O1: =N1 -> B | P1: =O1 -> B | Q1: =P1 -> B | R1: =Q1 -> B
I6: Pre-Shift | Z6: ="Pre-Shift + ANNUALIZATION" -> Pre-Shift + ANNUALIZATION | AQ6: =IF([1]Input!$K$123="No","Pre-Shift + Annualization", "Annualization + SHIFT") & " + HEP C ADJ" -> Pre-Shift + Annualization + HEP C ADJ | BH6: =IF([1]Input!$K$123="No","Pre-Shift + Annualization + Hep C adj", "Annualization + Shift + Hep C adj") & " + LIFT" -> Pre-Shift + Annualization + Hep C adj + LIFT | BY6: =IF([1]Input!$K$123="No","Pre-Shift + Annualization + Hep C adj + Lift", "Annualization + Shift + Hep C adj + Lift") & " + INCREMENTAL BRAND" -> Pre-Shift + Annualization + Hep C adj + Lift + INCREMENTAL BRAND
I8: Base | Z8: Base | AQ8: Base | BH8: Base | BY8: Base | DC8: Base | DI8: Base
I9: Total $ | N9: Per Brand Script | S9: Per Total Script | Z9: Total $ | AE9: Per Brand Script | AJ9: Per Total Script | AQ9: Total $ | AV9: Per Brand Script | BA9: Per Total Script | BH9: Total $ | BM9: Per Brand Script | BR9: Per Total Script | BY9: Total $ | CD9: Per Brand Script | CI9: Per Total Script | DC9: Rejection Rate Adj | DI9: 340B Rejection Rate
B10: Mail | C10: DS | D10: SP | E10: Excl | I10: =[1]Tables!$AA$4 -> 07/27 - 06/28 | J10: =[1]Tables!$AA$5 -> 07/28 - 06/29 | K10: =[1]Tables!$AA$6 -> 07/29 - 06/30 | L10: =[1]Tables!$AA$7 -> 07/30 - 06/31 | M10: =[1]Tables!$AA$8 -> 07/31 - 06/32 | N10: =[1]Tables!$AA$4 -> 07/27 - 06/28 | O10: =[1]Tables!$AA$5 -> 07/28 - 06/29 | P10: =[1]Tables!$AA$6 -> 07/29 - 06/30 | Q10: =[1]Tables!$AA$7 -> 07/30 - 06/31 | R10: =[1]Tables!$AA$8 -> 07/31 - 06/32 | S10: =[1]Tables!$AA$4 -> 07/27 - 06/28 | T10: =[1]Tables!$AA$5 -> 07/28 - 06/29 | U10: =[1]Tables!$AA$6 -> 07/29 - 06/30 | V10: =[1]Tables!$AA$7 -> 07/30 - 06/31 | W10: =[1]Tables!$AA$8 -> 07/31 - 06/32 | Z10: =[1]Tables!$AA$4 -> 07/27 - 06/28 | AA10: =[1]Tables!$AA$5 -> 07/28 - 06/29 | AB10: =[1]Tables!$AA$6 -> 07/29 - 06/30 | AC10: =[1]Tables!$AA$7 -> 07/30 - 06/31 | AD10: =[1]Tables!$AA$8 -> 07/31 - 06/32 | AE10: =[1]Tables!$AA$4 -> 07/27 - 06/28 | AF10: =[1]Tables!$AA$5 -> 07/28 - 06/29 | AG10: =[1]Tables!$AA$6 -> 07/29 - 06/30 | AH10: =[1]Tables!$AA$7 -> 07/30 - 06/31 | AI10: =[1]Tables!$AA$8 -> 07/31 - 06/32 | AJ10: =[1]Tables!$AA$4 -> 07/27 - 06/28 | AK10: =[1]Tables!$AA$5 -> 07/28 - 06/29 | AL10: =[1]Tables!$AA$6 -> 07/29 - 06/30 | AM10: =[1]Tables!$AA$7 -> 07/30 - 06/31 | AN10: =[1]Tables!$AA$8 -> 07/31 - 06/32 | AQ10: =[1]Tables!$AA$4 -> 07/27 - 06/28 | AR10: =[1]Tables!$AA$5 -> 07/28 - 06/29 | AS10: =[1]Tables!$AA$6 -> 07/29 - 06/30 | AT10: =[1]Tables!$AA$7 -> 07/30 - 06/31 | AU10: =[1]Tables!$AA$8 -> 07/31 - 06/32 | AV10: =[1]Tables!$AA$4 -> 07/27 - 06/28 | AW10: =[1]Tables!$AA$5 -> 07/28 - 06/29 | AX10: =[1]Tables!$AA$6 -> 07/29 - 06/30 | AY10: =[1]Tables!$AA$7 -> 07/30 - 06/31 | AZ10: =[1]Tables!$AA$8 -> 07/31 - 06/32 | BA10: =[1]Tables!$AA$4 -> 07/27 - 06/28 | BB10: =[1]Tables!$AA$5 -> 07/28 - 06/29 | BC10: =[1]Tables!$AA$6 -> 07/29 - 06/30 | BD10: =[1]Tables!$AA$7 -> 07/30 - 06/31 | BE10: =[1]Tables!$AA$8 -> 07/31 - 06/32 | BH10: =[1]Tables!$AA$4 -> 07/27 - 06/28 | BI10: =[1]Tables!$AA$5 -> 07/28 - 06/29 | BJ10: =[1]Tables!$AA$6 -> 07/29 - 06/30 | BK10: =[1]Tables!$AA$7 -> 07/30 - 06/31 | BL10: =[1]Tables!$AA$8 -> 07/31 - 06/32 | BM10: =[1]Tables!$AA$4 -> 07/27 - 06/28 | BN10: =[1]Tables!$AA$5 -> 07/28 - 06/29 | BO10: =[1]Tables!$AA$6 -> 07/29 - 06/30 | BP10: =[1]Tables!$AA$7 -> 07/30 - 06/31 | BQ10: =[1]Tables!$AA$8 -> 07/31 - 06/32 | BR10: =[1]Tables!$AA$4 -> 07/27 - 06/28 | BS10: =[1]Tables!$AA$5 -> 07/28 - 06/29 | BT10: =[1]Tables!$AA$6 -> 07/29 - 06/30 | BU10: =[1]Tables!$AA$7 -> 07/30 - 06/31 | BV10: =[1]Tables!$AA$8 -> 07/31 - 06/32 | BY10: =[1]Tables!$AA$4 -> 07/27 - 06/28 | BZ10: =[1]Tables!$AA$5 -> 07/28 - 06/29 | CA10: =[1]Tables!$AA$6 -> 07/29 - 06/30 | CB10: =[1]Tables!$AA$7 -> 07/30 - 06/31 | CC10: =[1]Tables!$AA$8 -> 07/31 - 06/32 | CD10: =[1]Tables!$AA$4 -> 07/27 - 06/28 | CE10: =[1]Tables!$AA$5 -> 07/28 - 06/29 | CF10: =[1]Tables!$AA$6 -> 07/29 - 06/30 | CG10: =[1]Tables!$AA$7 -> 07/30 - 06/31 | CH10: =[1]Tables!$AA$8 -> 07/31 - 06/32 | CI10: =[1]Tables!$AA$4 -> 07/27 - 06/28 | CJ10: =[1]Tables!$AA$5 -> 07/28 - 06/29 | CK10: =[1]Tables!$AA$6 -> 07/29 - 06/30 | CL10: =[1]Tables!$AA$7 -> 07/30 - 06/31 | CM10: =[1]Tables!$AA$8 -> 07/31 - 06/32 | DC10: =[1]Tables!$AA$4 -> 07/27 - 06/28 | DD10: =[1]Tables!$AA$5 -> 07/28 - 06/29 | DE10: =[1]Tables!$AA$6 -> 07/29 - 06/30 | DF10: =[1]Tables!$AA$7 -> 07/30 - 06/31 | DG10: =[1]Tables!$AA$8 -> 07/31 - 06/32 | DI10: =[1]Tables!$AA$4 -> 07/27 - 06/28 | DJ10: =[1]Tables!$AA$5 -> 07/28 - 06/29 | DK10: =[1]Tables!$AA$6 -> 07/29 - 06/30 | DL10: =[1]Tables!$AA$7 -> 07/30 - 06/31 | DM10: =[1]Tables!$AA$8 -> 07/31 - 06/32
B11: R | C11: 30 | D11: N | E11: N | F11: Y | H11: Retail 30 | I11: {=SUMIFS(INDIRECT('[1]RA Output'!BP$1), rng_out_mail_ind, $B11, rng_out_ds, $C11, rng_out_sel_sp_ind, $D11, rng_out_sel_excl_ind,$E11) + SUMIFS(INDIRECT('[1]RA Output'!BP$1), rng_out_mail_ind, $B11, rng_out_ds, $C11, rng_out_sel_sp_ind, $D11, rng_out_sel_excl_ind,$F11, rng_out_sel_excl_yr_ind, ">0", rng_out_sel_excl_ind,$F11) + IF([1]Tables!$C$16=[1]Tables!$CF$4, SUMIFS(INDIRECT('[1]RA Output'!BP$1), rng_out_mail_ind, $B11, rng_out_ds, $C11, rng_out_sel_sp_ind, $D11, rng_out_sel_excl_ind,$F11,rng_out_sel_excl_yr_ind, ""), 0)} -> #REF! | J11: {=SUMIFS(INDIRECT('[1]RA Output'!BQ$1), rng_out_mail_ind, $B11, rng_out_ds, $C11, rng_out_sel_sp_ind, $D11, rng_out_sel_excl_ind,$E11) + SUMIFS(INDIRECT('[1]RA Output'!BQ$1), rng_out_mail_ind, $B11, rng_out_ds, $C11, rng_out_sel_sp_ind, $D11, rng_out_sel_excl_ind,$F11, rng_out_sel_excl_yr_ind, ">0", rng_out_sel_excl_ind,$F11) + IF([1]Tables!$C$16=[1]Tables!$CF$4, SUMIFS(INDIRECT('[1]RA Output'!BQ$1), rng_out_mail_ind, $B11, rng_out_ds, $C11, rng_out_sel_sp_ind, $D11, rng_out_sel_excl_ind,$F11,rng_out_sel_excl_yr_ind, ""), 0)} -> #REF! | K11: {=SUMIFS(INDIRECT('[1]RA Output'!BR$1), rng_out_mail_ind, $B11, rng_out_ds, $C11, rng_out_sel_sp_ind, $D11, rng_out_sel_excl_ind,$E11) + SUMIFS(INDIRECT('[1]RA Output'!BR$1), rng_out_mail_ind, $B11, rng_out_ds, $C11, rng_out_sel_sp_ind, $D11, rng_out_sel_excl_ind,$F11, rng_out_sel_excl_yr_ind, ">0", rng_out_sel_excl_ind,$F11) + IF([1]Tables!$C$16=[1]Tables!$CF$4, SUMIFS(INDIRECT('[1]RA Output'!BR$1), rng_out_mail_ind, $B11, rng_out_ds, $C11, rng_out_sel_sp_ind, $D11, rng_out_sel_excl_ind,$F11,rng_out_sel_excl_yr_ind, ""), 0)} -> #REF! | L11: {=SUMIFS(INDIRECT('[1]RA Output'!BS$1), rng_out_mail_ind, $B11, rng_out_ds, $C11, rng_out_sel_sp_ind, $D11, rng_out_sel_excl_ind,$E11) + SUMIFS(INDIRECT('[1]RA Output'!BS$1), rng_out_mail_ind, $B11, rng_out_ds, $C11, rng_out_sel_sp_ind, $D11, rng_out_sel_excl_ind,$F11, rng_out_sel_excl_yr_ind, ">0", rng_out_sel_excl_ind,$F11) + IF([1]Tables!$C$16=[1]Tables!$CF$4, SUMIFS(INDIRECT('[1]RA Output'!BS$1), rng_out_mail_ind, $B11, rng_out_ds, $C11, rng_out_sel_sp_ind, $D11, rng_out_sel_excl_ind,$F11,rng_out_sel_excl_yr_ind, ""), 0)} -> #REF! | M11: {=SUMIFS(INDIRECT('[1]RA Output'!BT$1), rng_out_mail_ind, $B11, rng_out_ds, $C11, rng_out_sel_sp_ind, $D11, rng_out_sel_excl_ind,$E11) + SUMIFS(INDIRECT('[1]RA Output'!BT$1), rng_out_mail_ind, $B11, rng_out_ds, $C11, rng_out_sel_sp_ind, $D11, rng_out_sel_excl_ind,$F11, rng_out_sel_excl_yr_ind, ">0", rng_out_sel_excl_ind,$F11) + IF([1]Tables!$C$16=[1]Tables!$CF$4, SUMIFS(INDIRECT('[1]RA Output'!BT$1), rng_out_mail_ind, $B11, rng_out_ds, $C11, rng_out_sel_sp_ind, $D11, rng_out_sel_excl_ind,$F11,rng_out_sel_excl_yr_ind, ""), 0)} -> #REF! | N11: =IFERROR(I11/N$58, 0) -> 0 | O11: =IFERROR(J11/O$58, 0) -> 0 | P11: =IFERROR(K11/P$58, 0) -> 0 | Q11: =IFERROR(L11/Q$58, 0) -> 0 | R11: =IFERROR(M11/R$58, 0) -> 0 | S11: =IFERROR(I11/S$58, 0) -> 0 | T11: =IFERROR(J11/T$58, 0) -> 0 | U11: =IFERROR(K11/U$58, 0) -> 0 | V11: =IFERROR(L11/V$58, 0) -> 0 | W11: =IFERROR(M11/W$58, 0) -> 0 | Y11: Retail 30 | Z11: =IFERROR(I11/[1]Tables!$AT$4,0) -> 0 | AA11: =IFERROR(J11/[1]Tables!$AT$4,0) -> 0 | AB11: =IFERROR(K11/[1]Tables!$AT$4,0) -> 0 | AC11: =IFERROR(L11/[1]Tables!$AT$4,0) -> 0 | AD11: =IFERROR(M11/[1]Tables!$AT$4,0) -> 0 | AE11: =IFERROR(N11/[1]Tables!$AT$4, 0) -> 0 | AF11: =IFERROR(O11/[1]Tables!$AT$4, 0) -> 0 | AG11: =IFERROR(P11/[1]Tables!$AT$4, 0) -> 0 | AH11: =IFERROR(Q11/[1]Tables!$AT$4, 0) -> 0 | AI11: =IFERROR(R11/[1]Tables!$AT$4, 0) -> 0 | AJ11: =IFERROR(S11/[1]Tables!$AT$4,0) -> 0 | AK11: =IFERROR(T11/[1]Tables!$AT$4,0) -> 0 | AL11: =IFERROR(U11/[1]Tables!$AT$4,0) -> 0 | AM11: =IFERROR(V11/[1]Tables!$AT$4,0) -> 0 | AN11: =IFERROR(W11/[1]Tables!$AT$4,0) -> 0 | AP11: Retail 30 | AQ11: {=(SUMIFS(INDIRECT('[1]RA Output'!CP$1), rng_out_mail_ind, $B11, rng_out_ds, $C11, rng_out_sel_sp_ind, $D11, rng_out_sel_excl_ind,$E11) + SUMIFS(INDIRECT('[1]RA Output'!CP$1), rng_out_mail_ind, $B11, rng_out_ds, $C11, rng_out_sel_sp_ind, $D11, rng_out_sel_excl_ind,$F11, rng_out_sel_excl_yr_ind, ">0", rng_out_sel_excl_ind,$F11) + IF([1]Tables!$C$16=[1]Tables!$CF$4, SUMIFS(INDIRECT('[1]RA Output'!CP$1), rng_out_mail_ind, $B11, rng_out_ds, $C11, rng_out_sel_sp_ind, $D11, rng_out_sel_excl_ind,$F11,rng_out_sel_excl_yr_ind, ""), 0))/[1]Tables!$AT$4} -> #REF! | AR11: {=(SUMIFS(INDIRECT('[1]RA Output'!CQ$1), rng_out_mail_ind, $B11, rng_out_ds, $C11, rng_out_sel_sp_ind, $D11, rng_out_sel_excl_ind,$E11) + SUMIFS(INDIRECT('[1]RA Output'!CQ$1), rng_out_mail_ind, $B11, rng_out_ds, $C11, rng_out_sel_sp_ind, $D11, rng_out_sel_excl_ind,$F11, rng_out_sel_excl_yr_ind, ">0", rng_out_sel_excl_ind,$F11) + IF([1]Tables!$C$16=[1]Tables!$CF$4, SUMIFS(INDIRECT('[1]RA Output'!CQ$1), rng_out_mail_ind, $B11, rng_out_ds, $C11, rng_out_sel_sp_ind, $D11, rng_out_sel_excl_ind,$F11,rng_out_sel_excl_yr_ind, ""), 0))/[1]Tables!$AT$4} -> #REF! | AS11: {=(SUMIFS(INDIRECT('[1]RA Output'!CR$1), rng_out_mail_ind, $B11, rng_out_ds, $C11, rng_out_sel_sp_ind, $D11, rng_out_sel_excl_ind,$E11) + SUMIFS(INDIRECT('[1]RA Output'!CR$1), rng_out_mail_ind, $B11, rng_out_ds, $C11, rng_out_sel_sp_ind, $D11, rng_out_sel_excl_ind,$F11, rng_out_sel_excl_yr_ind, ">0", rng_out_sel_excl_ind,$F11) + IF([1]Tables!$C$16=[1]Tables!$CF$4, SUMIFS(INDIRECT('[1]RA Output'!CR$1), rng_out_mail_ind, $B11, rng_out_ds, $C11, rng_out_sel_sp_ind, $D11, rng_out_sel_excl_ind,$F11,rng_out_sel_excl_yr_ind, ""), 0))/[1]Tables!$AT$4} -> #REF! | AT11: {=(SUMIFS(INDIRECT('[1]RA Output'!CS$1), rng_out_mail_ind, $B11, rng_out_ds, $C11, rng_out_sel_sp_ind, $D11, rng_out_sel_excl_ind,$E11) + SUMIFS(INDIRECT('[1]RA Output'!CS$1), rng_out_mail_ind, $B11, rng_out_ds, $C11, rng_out_sel_sp_ind, $D11, rng_out_sel_excl_ind,$F11, rng_out_sel_excl_yr_ind, ">0", rng_out_sel_excl_ind,$F11) + IF([1]Tables!$C$16=[1]Tables!$CF$4, SUMIFS(INDIRECT('[1]RA Output'!CS$1), rng_out_mail_ind, $B11, rng_out_ds, $C11, rng_out_sel_sp_ind, $D11, rng_out_sel_excl_ind,$F11,rng_out_sel_excl_yr_ind, ""), 0))/[1]Tables!$AT$4} -> #REF! | AU11: {=(SUMIFS(INDIRECT('[1]RA Output'!CT$1), rng_out_mail_ind, $B11, rng_out_ds, $C11, rng_out_sel_sp_ind, $D11, rng_out_sel_excl_ind,$E11) + SUMIFS(INDIRECT('[1]RA Output'!CT$1), rng_out_mail_ind, $B11, rng_out_ds, $C11, rng_out_sel_sp_ind, $D11, rng_out_sel_excl_ind,$F11, rng_out_sel_excl_yr_ind, ">0", rng_out_sel_excl_ind,$F11) + IF([1]Tables!$C$16=[1]Tables!$CF$4, SUMIFS(INDIRECT('[1]RA Output'!CT$1), rng_out_mail_ind, $B11, rng_out_ds, $C11, rng_out_sel_sp_ind, $D11, rng_out_sel_excl_ind,$F11,rng_out_sel_excl_yr_ind, ""), 0))/[1]Tables!$AT$4} -> #REF! | AV11: =IFERROR(AQ11/AV$58, 0) -> 0 | AW11: =IFERROR(AR11/AW$58, 0) -> 0 | AX11: =IFERROR(AS11/AX$58, 0) -> 0 | AY11: =IFERROR(AT11/AY$58, 0) -> 0 | AZ11: =IFERROR(AU11/AZ$58, 0) -> 0 | BA11: =IFERROR(AQ11/BA$58, 0) -> 0 | BB11: =IFERROR(AR11/BB$58, 0) -> 0 | BC11: =IFERROR(AS11/BC$58, 0) -> 0 | BD11: =IFERROR(AT11/BD$58, 0) -> 0 | BE11: =IFERROR(AU11/BE$58, 0) -> 0 | BG11: Retail 30 | BH11: {=(SUMIFS(INDIRECT('[1]RA Output'!DP$1), rng_out_mail_ind, $B11, rng_out_ds, $C11, rng_out_sel_sp_ind, $D11, rng_out_sel_excl_ind,$E11) + SUMIFS(INDIRECT('[1]RA Output'!DP$1), rng_out_mail_ind, $B11, rng_out_ds, $C11, rng_out_sel_sp_ind, $D11, rng_out_sel_excl_ind,$F11, rng_out_sel_excl_yr_ind, ">0") + IF([1]Tables!$C$16=[1]Tables!$CF$4, SUMIFS(INDIRECT('[1]RA Output'!DP$1), rng_out_mail_ind, $B11, rng_out_ds, $C11, rng_out_sel_sp_ind, $D11, rng_out_sel_excl_ind,$F11,rng_out_sel_excl_yr_ind, ""), 0))/[1]Tables!$AT$4} -> #REF! | BI11: {=(SUMIFS(INDIRECT('[1]RA Output'!DQ$1), rng_out_mail_ind, $B11, rng_out_ds, $C11, rng_out_sel_sp_ind, $D11, rng_out_sel_excl_ind,$E11) + SUMIFS(INDIRECT('[1]RA Output'!DQ$1), rng_out_mail_ind, $B11, rng_out_ds, $C11, rng_out_sel_sp_ind, $D11, rng_out_sel_excl_ind,$F11, rng_out_sel_excl_yr_ind, ">0") + IF([1]Tables!$C$16=[1]Tables!$CF$4, SUMIFS(INDIRECT('[1]RA Output'!DQ$1), rng_out_mail_ind, $B11, rng_out_ds, $C11, rng_out_sel_sp_ind, $D11, rng_out_sel_excl_ind,$F11,rng_out_sel_excl_yr_ind, ""), 0))/[1]Tables!$AT$4} -> #REF! | BJ11: {=(SUMIFS(INDIRECT('[1]RA Output'!DR$1), rng_out_mail_ind, $B11, rng_out_ds, $C11, rng_out_sel_sp_ind, $D11, rng_out_sel_excl_ind,$E11) + SUMIFS(INDIRECT('[1]RA Output'!DR$1), rng_out_mail_ind, $B11, rng_out_ds, $C11, rng_out_sel_sp_ind, $D11, rng_out_sel_excl_ind,$F11, rng_out_sel_excl_yr_ind, ">0") + IF([1]Tables!$C$16=[1]Tables!$CF$4, SUMIFS(INDIRECT('[1]RA Output'!DR$1), rng_out_mail_ind, $B11, rng_out_ds, $C11, rng_out_sel_sp_ind, $D11, rng_out_sel_excl_ind,$F11,rng_out_sel_excl_yr_ind, ""), 0))/[1]Tables!$AT$4} -> #REF! | BK11: {=(SUMIFS(INDIRECT('[1]RA Output'!DS$1), rng_out_mail_ind, $B11, rng_out_ds, $C11, rng_out_sel_sp_ind, $D11, rng_out_sel_excl_ind,$E11) + SUMIFS(INDIRECT('[1]RA Output'!DS$1), rng_out_mail_ind, $B11, rng_out_ds, $C11, rng_out_sel_sp_ind, $D11, rng_out_sel_excl_ind,$F11, rng_out_sel_excl_yr_ind, ">0") + IF([1]Tables!$C$16=[1]Tables!$CF$4, SUMIFS(INDIRECT('[1]RA Output'!DS$1), rng_out_mail_ind, $B11, rng_out_ds, $C11, rng_out_sel_sp_ind, $D11, rng_out_sel_excl_ind,$F11,rng_out_sel_excl_yr_ind, ""), 0))/[1]Tables!$AT$4} -> #REF! | BL11: {=(SUMIFS(INDIRECT('[1]RA Output'!DT$1), rng_out_mail_ind, $B11, rng_out_ds, $C11, rng_out_sel_sp_ind, $D11, rng_out_sel_excl_ind,$E11) + SUMIFS(INDIRECT('[1]RA Output'!DT$1), rng_out_mail_ind, $B11, rng_out_ds, $C11, rng_out_sel_sp_ind, $D11, rng_out_sel_excl_ind,$F11, rng_out_sel_excl_yr_ind, ">0") + IF([1]Tables!$C$16=[1]Tables!$CF$4, SUMIFS(INDIRECT('[1]RA Output'!DT$1), rng_out_mail_ind, $B11, rng_out_ds, $C11, rng_out_sel_sp_ind, $D11, rng_out_sel_excl_ind,$F11,rng_out_sel_excl_yr_ind, ""), 0))/[1]Tables!$AT$4} -> #REF! | BM11: =IFERROR(BH11/BM$58, 0) -> 0 | BN11: =IFERROR(BI11/BN$58, 0) -> 0 | BO11: =IFERROR(BJ11/BO$58, 0) -> 0 | BP11: =IFERROR(BK11/BP$58, 0) -> 0 | BQ11: =IFERROR(BL11/BQ$58, 0) -> 0 | BR11: =IFERROR(BH11/BR$58, 0) -> 0 | BS11: =IFERROR(BI11/BS$58, 0) -> 0 | BT11: =IFERROR(BJ11/BT$58, 0) -> 0 | BU11: =IFERROR(BK11/BU$58, 0) -> 0 | BV11: =IFERROR(BL11/BV$58, 0) -> 0 | BX11: Retail 30 | BY11: =CD11*CD58 -> #VALUE! | BZ11: =CE11*CE58 -> #VALUE! | CA11: =CF11*CF58 -> #VALUE! | CB11: =CG11*CG58 -> #VALUE! | CC11: =CH11*CH58 -> #VALUE! | CD11: =BM11-DC11 -> 0 | CE11: =BN11-DD11 -> 0 | CF11: =BO11-DE11 -> 0 | CG11: =BP11-DF11 -> 0 | CH11: =BQ11-DG11 -> 0 | CI11: =IFERROR(BY11/CI58, 0) -> 0 | CJ11: =IFERROR(BZ11/CJ58, 0) -> 0 | CK11: =IFERROR(CA11/CK58, 0) -> 0 | CL11: =IFERROR(CB11/CL58, 0) -> 0 | CM11: =IFERROR(CC11/CM58, 0) -> 0 | DC11: {=IFERROR(BM11-BM11*BR67*(1-INDEX([1]Tables!$EA$4:$EE$60,MATCH([1]Tables!$C$22&$BX11,[1]Tables!$EA$4:$EA$60,0),[1]Tables!$EE$1))*(1-DI11)/CD58, 0)} -> 0 | DD11: {=IFERROR(BN11-BN11*BS67*(1-INDEX([1]Tables!$EA$4:$EE$60,MATCH([1]Tables!$C$22&$BX11,[1]Tables!$EA$4:$EA$60,0),[1]Tables!$EE$1))*(1-DJ11)/CE58, 0)} -> 0 | DE11: {=IFERROR(BO11-BO11*BT67*(1-INDEX([1]Tables!$EA$4:$EE$60,MATCH([1]Tables!$C$22&$BX11,[1]Tables!$EA$4:$EA$60,0),[1]Tables!$EE$1))*(1-DK11)/CF58, 0)} -> 0 | DF11: {=IFERROR(BP11-BP11*BU67*(1-INDEX([1]Tables!$EA$4:$EE$60,MATCH([1]Tables!$C$22&$BX11,[1]Tables!$EA$4:$EA$60,0),[1]Tables!$EE$1))*(1-DL11)/CG58, 0)} -> 0 | DG11: {=IFERROR(BQ11-BQ11*BV67*(1-INDEX([1]Tables!$EA$4:$EE$60,MATCH([1]Tables!$C$22&$BX11,[1]Tables!$EA$4:$EA$60,0),[1]Tables!$EE$1))*(1-DM11)/CH58, 0)} -> 0 | DI11: {=IFERROR(((SUMPRODUCT((rng_out_mail_ind = $B11) * (rng_out_ds = $C11) * (rng_out_sel_sp_ind = $D11) * (rng_out_sel_excl_ind = $E11) * (rng_out_base_post_yr1*rng_out_340B)) + IF([1]Tables!$C$16=[1]Tables!$CF$4, SUMPRODUCT((rng_out_mail_ind = $B11) * (rng_out_ds = $C11) * (rng_out_sel_sp_ind = $D11) * (rng_out_sel_excl_ind = $F11) * (rng_out_base_post_yr1*rng_out_340B)), 0))/[1]Tables!$AT$4)/AQ11, 0)} -> 0 | DJ11: {=IFERROR(((SUMPRODUCT((rng_out_mail_ind = $B11) * (rng_out_ds = $C11) * (rng_out_sel_sp_ind = $D11) * (rng_out_sel_excl_ind = $E11) * (rng_out_base_post_yr2*rng_out_340B)) + IF([1]Tables!$C$16=[1]Tables!$CF$4, SUMPRODUCT((rng_out_mail_ind = $B11) * (rng_out_ds = $C11) * (rng_out_sel_sp_ind = $D11) * (rng_out_sel_excl_ind = $F11) * (rng_out_base_post_yr2*rng_out_340B)), 0))/[1]Tables!$AT$4)/AR11, 0)} -> 0 | DK11: {=IFERROR(((SUMPRODUCT((rng_out_mail_ind = $B11) * (rng_out_ds = $C11) * (rng_out_sel_sp_ind = $D11) * (rng_out_sel_excl_ind = $E11) * (rng_out_base_post_yr3*rng_out_340B)) + IF([1]Tables!$C$16=[1]Tables!$CF$4, SUMPRODUCT((rng_out_mail_ind = $B11) * (rng_out_ds = $C11) * (rng_out_sel_sp_ind = $D11) * (rng_out_sel_excl_ind = $F11) * (rng_out_base_post_yr3*rng_out_340B)), 0))/[1]Tables!$AT$4)/AS11, 0)} -> 0 | DL11: {=IFERROR(((SUMPRODUCT((rng_out_mail_ind = $B11) * (rng_out_ds = $C11) * (rng_out_sel_sp_ind = $D11) * (rng_out_sel_excl_ind = $E11) * (rng_out_base_post_yr4*rng_out_340B)) + IF([1]Tables!$C$16=[1]Tables!$CF$4, SUMPRODUCT((rng_out_mail_ind = $B11) * (rng_out_ds = $C11) * (rng_out_sel_sp_ind = $D11) * (rng_out_sel_excl_ind = $F11) * (rng_out_base_post_yr4*rng_out_340B)), 0))/[1]Tables!$AT$4)/AT11, 0)} -> 0 | DM11: {=IFERROR(((SUMPRODUCT((rng_out_mail_ind = $B11) * (rng_out_ds = $C11) * (rng_out_sel_sp_ind = $D11) * (rng_out_sel_excl_ind = $E11) * (rng_out_base_post_yr5*rng_out_340B)) + IF([1]Tables!$C$16=[1]Tables!$CF$4, SUMPRODUCT((rng_out_mail_ind = $B11) * (rng_out_ds = $C11) * (rng_out_sel_sp_ind = $D11) * (rng_out_sel_excl_ind = $F11) * (rng_out_base_post_yr5*rng_out_340B)), 0))/[1]Tables!$AT$4)/AU11, 0)} -> 0
B12: R | C12: 90 | D12: N | E12: N | F12: Y | H12: Retail 90 | I12: {=SUMIFS(INDIRECT('[1]RA Output'!BP$1), rng_out_mail_ind, $B12, rng_out_ds, $C12, rng_out_sel_sp_ind, $D12, rng_out_sel_excl_ind,$E12) + SUMIFS(INDIRECT('[1]RA Output'!BP$1), rng_out_mail_ind, $B12, rng_out_ds, $C12, rng_out_sel_sp_ind, $D12, rng_out_sel_excl_ind,$F12, rng_out_sel_excl_yr_ind, ">0", rng_out_sel_excl_ind,$F12) + IF([1]Tables!$C$16=[1]Tables!$CF$4, SUMIFS(INDIRECT('[1]RA Output'!BP$1), rng_out_mail_ind, $B12, rng_out_ds, $C12, rng_out_sel_sp_ind, $D12, rng_out_sel_excl_ind,$F12,rng_out_sel_excl_yr_ind, ""), 0)} -> #REF! | J12: {=SUMIFS(INDIRECT('[1]RA Output'!BQ$1), rng_out_mail_ind, $B12, rng_out_ds, $C12, rng_out_sel_sp_ind, $D12, rng_out_sel_excl_ind,$E12) + SUMIFS(INDIRECT('[1]RA Output'!BQ$1), rng_out_mail_ind, $B12, rng_out_ds, $C12, rng_out_sel_sp_ind, $D12, rng_out_sel_excl_ind,$F12, rng_out_sel_excl_yr_ind, ">0", rng_out_sel_excl_ind,$F12) + IF([1]Tables!$C$16=[1]Tables!$CF$4, SUMIFS(INDIRECT('[1]RA Output'!BQ$1), rng_out_mail_ind, $B12, rng_out_ds, $C12, rng_out_sel_sp_ind, $D12, rng_out_sel_excl_ind,$F12,rng_out_sel_excl_yr_ind, ""), 0)} -> #REF! | K12: {=SUMIFS(INDIRECT('[1]RA Output'!BR$1), rng_out_mail_ind, $B12, rng_out_ds, $C12, rng_out_sel_sp_ind, $D12, rng_out_sel_excl_ind,$E12) + SUMIFS(INDIRECT('[1]RA Output'!BR$1), rng_out_mail_ind, $B12, rng_out_ds, $C12, rng_out_sel_sp_ind, $D12, rng_out_sel_excl_ind,$F12, rng_out_sel_excl_yr_ind, ">0", rng_out_sel_excl_ind,$F12) + IF([1]Tables!$C$16=[1]Tables!$CF$4, SUMIFS(INDIRECT('[1]RA Output'!BR$1), rng_out_mail_ind, $B12, rng_out_ds, $C12, rng_out_sel_sp_ind, $D12, rng_out_sel_excl_ind,$F12,rng_out_sel_excl_yr_ind, ""), 0)} -> #REF! | L12: {=SUMIFS(INDIRECT('[1]RA Output'!BS$1), rng_out_mail_ind, $B12, rng_out_ds, $C12, rng_out_sel_sp_ind, $D12, rng_out_sel_excl_ind,$E12) + SUMIFS(INDIRECT('[1]RA Output'!BS$1), rng_out_mail_ind, $B12, rng_out_ds, $C12, rng_out_sel_sp_ind, $D12, rng_out_sel_excl_ind,$F12, rng_out_sel_excl_yr_ind, ">0", rng_out_sel_excl_ind,$F12) + IF([1]Tables!$C$16=[1]Tables!$CF$4, SUMIFS(INDIRECT('[1]RA Output'!BS$1), rng_out_mail_ind, $B12, rng_out_ds, $C12, rng_out_sel_sp_ind, $D12, rng_out_sel_excl_ind,$F12,rng_out_sel_excl_yr_ind, ""), 0)} -> #REF! | M12: {=SUMIFS(INDIRECT('[1]RA Output'!BT$1), rng_out_mail_ind, $B12, rng_out_ds, $C12, rng_out_sel_sp_ind, $D12, rng_out_sel_excl_ind,$E12) + SUMIFS(INDIRECT('[1]RA Output'!BT$1), rng_out_mail_ind, $B12, rng_out_ds, $C12, rng_out_sel_sp_ind, $D12, rng_out_sel_excl_ind,$F12, rng_out_sel_excl_yr_ind, ">0", rng_out_sel_excl_ind,$F12) + IF([1]Tables!$C$16=[1]Tables!$CF$4, SUMIFS(INDIRECT('[1]RA Output'!BT$1), rng_out_mail_ind, $B12, rng_out_ds, $C12, rng_out_sel_sp_ind, $D12, rng_out_sel_excl_ind,$F12,rng_out_sel_excl_yr_ind, ""), 0)} -> #REF! | N12: =IFERROR(I12/N$59, 0) -> 0 | O12: =IFERROR(J12/O$59, 0) -> 0 | P12: =IFERROR(K12/P$59, 0) -> 0 | Q12: =IFERROR(L12/Q$59, 0) -> 0 | R12: =IFERROR(M12/R$59, 0) -> 0 | S12: =IFERROR(I12/S$59, 0) -> 0 | T12: =IFERROR(J12/T$59, 0) -> 0 | U12: =IFERROR(K12/U$59, 0) -> 0 | V12: =IFERROR(L12/V$59, 0) -> 0 | W12: =IFERROR(M12/W$59, 0) -> 0 | Y12: Retail 90 | Z12: =IFERROR(I12/[1]Tables!$AT$4,0) -> 0 | AA12: =IFERROR(J12/[1]Tables!$AT$4,0) -> 0 | AB12: =IFERROR(K12/[1]Tables!$AT$4,0) -> 0 | AC12: =IFERROR(L12/[1]Tables!$AT$4,0) -> 0 | AD12: =IFERROR(M12/[1]Tables!$AT$4,0) -> 0 | AE12: =IFERROR(N12/[1]Tables!$AT$4, 0) -> 0 | AF12: =IFERROR(O12/[1]Tables!$AT$4, 0) -> 0 | AG12: =IFERROR(P12/[1]Tables!$AT$4, 0) -> 0 | AH12: =IFERROR(Q12/[1]Tables!$AT$4, 0) -> 0 | AI12: =IFERROR(R12/[1]Tables!$AT$4, 0) -> 0 | AJ12: =IFERROR(S12/[1]Tables!$AT$4,0) -> 0 | AK12: =IFERROR(T12/[1]Tables!$AT$4,0) -> 0 | AL12: =IFERROR(U12/[1]Tables!$AT$4,0) -> 0 | AM12: =IFERROR(V12/[1]Tables!$AT$4,0) -> 0 | AN12: =IFERROR(W12/[1]Tables!$AT$4,0) -> 0 | AP12: Retail 90 | AQ12: {=(SUMIFS(INDIRECT('[1]RA Output'!CP$1), rng_out_mail_ind, $B12, rng_out_ds, $C12, rng_out_sel_sp_ind, $D12, rng_out_sel_excl_ind,$E12) + SUMIFS(INDIRECT('[1]RA Output'!CP$1), rng_out_mail_ind, $B12, rng_out_ds, $C12, rng_out_sel_sp_ind, $D12, rng_out_sel_excl_ind,$F12, rng_out_sel_excl_yr_ind, ">0", rng_out_sel_excl_ind,$F12) + IF([1]Tables!$C$16=[1]Tables!$CF$4, SUMIFS(INDIRECT('[1]RA Output'!CP$1), rng_out_mail_ind, $B12, rng_out_ds, $C12, rng_out_sel_sp_ind, $D12, rng_out_sel_excl_ind,$F12,rng_out_sel_excl_yr_ind, ""), 0))/[1]Tables!$AT$4} -> #REF! | AR12: {=(SUMIFS(INDIRECT('[1]RA Output'!CQ$1), rng_out_mail_ind, $B12, rng_out_ds, $C12, rng_out_sel_sp_ind, $D12, rng_out_sel_excl_ind,$E12) + SUMIFS(INDIRECT('[1]RA Output'!CQ$1), rng_out_mail_ind, $B12, rng_out_ds, $C12, rng_out_sel_sp_ind, $D12, rng_out_sel_excl_ind,$F12, rng_out_sel_excl_yr_ind, ">0", rng_out_sel_excl_ind,$F12) + IF([1]Tables!$C$16=[1]Tables!$CF$4, SUMIFS(INDIRECT('[1]RA Output'!CQ$1), rng_out_mail_ind, $B12, rng_out_ds, $C12, rng_out_sel_sp_ind, $D12, rng_out_sel_excl_ind,$F12,rng_out_sel_excl_yr_ind, ""), 0))/[1]Tables!$AT$4} -> #REF! | AS12: {=(SUMIFS(INDIRECT('[1]RA Output'!CR$1), rng_out_mail_ind, $B12, rng_out_ds, $C12, rng_out_sel_sp_ind, $D12, rng_out_sel_excl_ind,$E12) + SUMIFS(INDIRECT('[1]RA Output'!CR$1), rng_out_mail_ind, $B12, rng_out_ds, $C12, rng_out_sel_sp_ind, $D12, rng_out_sel_excl_ind,$F12, rng_out_sel_excl_yr_ind, ">0", rng_out_sel_excl_ind,$F12) + IF([1]Tables!$C$16=[1]Tables!$CF$4, SUMIFS(INDIRECT('[1]RA Output'!CR$1), rng_out_mail_ind, $B12, rng_out_ds, $C12, rng_out_sel_sp_ind, $D12, rng_out_sel_excl_ind,$F12,rng_out_sel_excl_yr_ind, ""), 0))/[1]Tables!$AT$4} -> #REF! | AT12: {=(SUMIFS(INDIRECT('[1]RA Output'!CS$1), rng_out_mail_ind, $B12, rng_out_ds, $C12, rng_out_sel_sp_ind, $D12, rng_out_sel_excl_ind,$E12) + SUMIFS(INDIRECT('[1]RA Output'!CS$1), rng_out_mail_ind, $B12, rng_out_ds, $C12, rng_out_sel_sp_ind, $D12, rng_out_sel_excl_ind,$F12, rng_out_sel_excl_yr_ind, ">0", rng_out_sel_excl_ind,$F12) + IF([1]Tables!$C$16=[1]Tables!$CF$4, SUMIFS(INDIRECT('[1]RA Output'!CS$1), rng_out_mail_ind, $B12, rng_out_ds, $C12, rng_out_sel_sp_ind, $D12, rng_out_sel_excl_ind,$F12,rng_out_sel_excl_yr_ind, ""), 0))/[1]Tables!$AT$4} -> #REF! | AU12: {=(SUMIFS(INDIRECT('[1]RA Output'!CT$1), rng_out_mail_ind, $B12, rng_out_ds, $C12, rng_out_sel_sp_ind, $D12, rng_out_sel_excl_ind,$E12) + SUMIFS(INDIRECT('[1]RA Output'!CT$1), rng_out_mail_ind, $B12, rng_out_ds, $C12, rng_out_sel_sp_ind, $D12, rng_out_sel_excl_ind,$F12, rng_out_sel_excl_yr_ind, ">0", rng_out_sel_excl_ind,$F12) + IF([1]Tables!$C$16=[1]Tables!$CF$4, SUMIFS(INDIRECT('[1]RA Output'!CT$1), rng_out_mail_ind, $B12, rng_out_ds, $C12, rng_out_sel_sp_ind, $D12, rng_out_sel_excl_ind,$F12,rng_out_sel_excl_yr_ind, ""), 0))/[1]Tables!$AT$4} -> #REF! | AV12: =IFERROR(AQ12/AV$59, 0) -> 0 | AW12: =IFERROR(AR12/AW$59, 0) -> 0 | AX12: =IFERROR(AS12/AX$59, 0) -> 0 | AY12: =IFERROR(AT12/AY$59, 0) -> 0 | AZ12: =IFERROR(AU12/AZ$59, 0) -> 0 | BA12: =IFERROR(AQ12/BA$59, 0) -> 0 | BB12: =IFERROR(AR12/BB$59, 0) -> 0 | BC12: =IFERROR(AS12/BC$59, 0) -> 0 | BD12: =IFERROR(AT12/BD$59, 0) -> 0 | BE12: =IFERROR(AU12/BE$59, 0) -> 0 | BG12: Retail 90 | BH12: {=(SUMIFS(INDIRECT('[1]RA Output'!DP$1), rng_out_mail_ind, $B12, rng_out_ds, $C12, rng_out_sel_sp_ind, $D12, rng_out_sel_excl_ind,$E12) + SUMIFS(INDIRECT('[1]RA Output'!DP$1), rng_out_mail_ind, $B12, rng_out_ds, $C12, rng_out_sel_sp_ind, $D12, rng_out_sel_excl_ind,$F12, rng_out_sel_excl_yr_ind, ">0") + IF([1]Tables!$C$16=[1]Tables!$CF$4, SUMIFS(INDIRECT('[1]RA Output'!DP$1), rng_out_mail_ind, $B12, rng_out_ds, $C12, rng_out_sel_sp_ind, $D12, rng_out_sel_excl_ind,$F12,rng_out_sel_excl_yr_ind, ""), 0))/[1]Tables!$AT$4} -> #REF! | BI12: {=(SUMIFS(INDIRECT('[1]RA Output'!DQ$1), rng_out_mail_ind, $B12, rng_out_ds, $C12, rng_out_sel_sp_ind, $D12, rng_out_sel_excl_ind,$E12) + SUMIFS(INDIRECT('[1]RA Output'!DQ$1), rng_out_mail_ind, $B12, rng_out_ds, $C12, rng_out_sel_sp_ind, $D12, rng_out_sel_excl_ind,$F12, rng_out_sel_excl_yr_ind, ">0") + IF([1]Tables!$C$16=[1]Tables!$CF$4, SUMIFS(INDIRECT('[1]RA Output'!DQ$1), rng_out_mail_ind, $B12, rng_out_ds, $C12, rng_out_sel_sp_ind, $D12, rng_out_sel_excl_ind,$F12,rng_out_sel_excl_yr_ind, ""), 0))/[1]Tables!$AT$4} -> #REF! | BJ12: {=(SUMIFS(INDIRECT('[1]RA Output'!DR$1), rng_out_mail_ind, $B12, rng_out_ds, $C12, rng_out_sel_sp_ind, $D12, rng_out_sel_excl_ind,$E12) + SUMIFS(INDIRECT('[1]RA Output'!DR$1), rng_out_mail_ind, $B12, rng_out_ds, $C12, rng_out_sel_sp_ind, $D12, rng_out_sel_excl_ind,$F12, rng_out_sel_excl_yr_ind, ">0") + IF([1]Tables!$C$16=[1]Tables!$CF$4, SUMIFS(INDIRECT('[1]RA Output'!DR$1), rng_out_mail_ind, $B12, rng_out_ds, $C12, rng_out_sel_sp_ind, $D12, rng_out_sel_excl_ind,$F12,rng_out_sel_excl_yr_ind, ""), 0))/[1]Tables!$AT$4} -> #REF! | BK12: {=(SUMIFS(INDIRECT('[1]RA Output'!DS$1), rng_out_mail_ind, $B12, rng_out_ds, $C12, rng_out_sel_sp_ind, $D12, rng_out_sel_excl_ind,$E12) + SUMIFS(INDIRECT('[1]RA Output'!DS$1), rng_out_mail_ind, $B12, rng_out_ds, $C12, rng_out_sel_sp_ind, $D12, rng_out_sel_excl_ind,$F12, rng_out_sel_excl_yr_ind, ">0") + IF([1]Tables!$C$16=[1]Tables!$CF$4, SUMIFS(INDIRECT('[1]RA Output'!DS$1), rng_out_mail_ind, $B12, rng_out_ds, $C12, rng_out_sel_sp_ind, $D12, rng_out_sel_excl_ind,$F12,rng_out_sel_excl_yr_ind, ""), 0))/[1]Tables!$AT$4} -> #REF! | BL12: {=(SUMIFS(INDIRECT('[1]RA Output'!DT$1), rng_out_mail_ind, $B12, rng_out_ds, $C12, rng_out_sel_sp_ind, $D12, rng_out_sel_excl_ind,$E12) + SUMIFS(INDIRECT('[1]RA Output'!DT$1), rng_out_mail_ind, $B12, rng_out_ds, $C12, rng_out_sel_sp_ind, $D12, rng_out_sel_excl_ind,$F12, rng_out_sel_excl_yr_ind, ">0") + IF([1]Tables!$C$16=[1]Tables!$CF$4, SUMIFS(INDIRECT('[1]RA Output'!DT$1), rng_out_mail_ind, $B12, rng_out_ds, $C12, rng_out_sel_sp_ind, $D12, rng_out_sel_excl_ind,$F12,rng_out_sel_excl_yr_ind, ""), 0))/[1]Tables!$AT$4} -> #REF! | BM12: =IFERROR(BH12/BM$59, 0) -> 0 | BN12: =IFERROR(BI12/BN$59, 0) -> 0 | BO12: =IFERROR(BJ12/BO$59, 0) -> 0 | BP12: =IFERROR(BK12/BP$59, 0) -> 0 | BQ12: =IFERROR(BL12/BQ$59, 0) -> 0 | BR12: =IFERROR(BH12/BR$59, 0) -> 0 | BS12: =IFERROR(BI12/BS$59, 0) -> 0 | BT12: =IFERROR(BJ12/BT$59, 0) -> 0 | BU12: =IFERROR(BK12/BU$59, 0) -> 0 | BV12: =IFERROR(BL12/BV$59, 0) -> 0 | BX12: Retail 90 | BY12: =CD12*CD59 -> #VALUE! | BZ12: =CE12*CE59 -> #VALUE! | CA12: =CF12*CF59 -> #VALUE! | CB12: =CG12*CG59 -> #VALUE! | CC12: =CH12*CH59 -> #VALUE! | CD12: =BM12-DC12 -> 0 | CE12: =BN12-DD12 -> 0 | CF12: =BO12-DE12 -> 0 | CG12: =BP12-DF12 -> 0 | CH12: =BQ12-DG12 -> 0 | CI12: =IFERROR(BY12/CI59, 0) -> 0 | CJ12: =IFERROR(BZ12/CJ59, 0) -> 0 | CK12: =IFERROR(CA12/CK59, 0) -> 0 | CL12: =IFERROR(CB12/CL59, 0) -> 0 | CM12: =IFERROR(CC12/CM59, 0) -> 0 | DC12: {=IFERROR(BM12-BM12*BR68*(1-INDEX([1]Tables!$EA$4:$EE$60,MATCH([1]Tables!$C$22&$BX12,[1]Tables!$EA$4:$EA$60,0),[1]Tables!$EE$1))*(1-DI12)/CD59, 0)} -> 0 | DD12: {=IFERROR(BN12-BN12*BS68*(1-INDEX([1]Tables!$EA$4:$EE$60,MATCH([1]Tables!$C$22&$BX12,[1]Tables!$EA$4:$EA$60,0),[1]Tables!$EE$1))*(1-DJ12)/CE59, 0)} -> 0 | DE12: {=IFERROR(BO12-BO12*BT68*(1-INDEX([1]Tables!$EA$4:$EE$60,MATCH([1]Tables!$C$22&$BX12,[1]Tables!$EA$4:$EA$60,0),[1]Tables!$EE$1))*(1-DK12)/CF59, 0)} -> 0 | DF12: {=IFERROR(BP12-BP12*BU68*(1-INDEX([1]Tables!$EA$4:$EE$60,MATCH([1]Tables!$C$22&$BX12,[1]Tables!$EA$4:$EA$60,0),[1]Tables!$EE$1))*(1-DL12)/CG59, 0)} -> 0 | DG12: {=IFERROR(BQ12-BQ12*BV68*(1-INDEX([1]Tables!$EA$4:$EE$60,MATCH([1]Tables!$C$22&$BX12,[1]Tables!$EA$4:$EA$60,0),[1]Tables!$EE$1))*(1-DM12)/CH59, 0)} -> 0 | DI12: {=IFERROR(((SUMPRODUCT((rng_out_mail_ind = $B12) * (rng_out_ds = $C12) * (rng_out_sel_sp_ind = $D12) * (rng_out_sel_excl_ind = $E12) * (rng_out_base_post_yr1*rng_out_340B)) + IF([1]Tables!$C$16=[1]Tables!$CF$4, SUMPRODUCT((rng_out_mail_ind = $B12) * (rng_out_ds = $C12) * (rng_out_sel_sp_ind = $D12) * (rng_out_sel_excl_ind = $F12) * (rng_out_base_post_yr1*rng_out_340B)), 0))/[1]Tables!$AT$4)/AQ12, 0)} -> 0 | DJ12: {=IFERROR(((SUMPRODUCT((rng_out_mail_ind = $B12) * (rng_out_ds = $C12) * (rng_out_sel_sp_ind = $D12) * (rng_out_sel_excl_ind = $E12) * (rng_out_base_post_yr2*rng_out_340B)) + IF([1]Tables!$C$16=[1]Tables!$CF$4, SUMPRODUCT((rng_out_mail_ind = $B12) * (rng_out_ds = $C12) * (rng_out_sel_sp_ind = $D12) * (rng_out_sel_excl_ind = $F12) * (rng_out_base_post_yr2*rng_out_340B)), 0))/[1]Tables!$AT$4)/AR12, 0)} -> 0 | DK12: {=IFERROR(((SUMPRODUCT((rng_out_mail_ind = $B12) * (rng_out_ds = $C12) * (rng_out_sel_sp_ind = $D12) * (rng_out_sel_excl_ind = $E12) * (rng_out_base_post_yr3*rng_out_340B)) + IF([1]Tables!$C$16=[1]Tables!$CF$4, SUMPRODUCT((rng_out_mail_ind = $B12) * (rng_out_ds = $C12) * (rng_out_sel_sp_ind = $D12) * (rng_out_sel_excl_ind = $F12) * (rng_out_base_post_yr3*rng_out_340B)), 0))/[1]Tables!$AT$4)/AS12, 0)} -> 0 | DL12: {=IFERROR(((SUMPRODUCT((rng_out_mail_ind = $B12) * (rng_out_ds = $C12) * (rng_out_sel_sp_ind = $D12) * (rng_out_sel_excl_ind = $E12) * (rng_out_base_post_yr4*rng_out_340B)) + IF([1]Tables!$C$16=[1]Tables!$CF$4, SUMPRODUCT((rng_out_mail_ind = $B12) * (rng_out_ds = $C12) * (rng_out_sel_sp_ind = $D12) * (rng_out_sel_excl_ind = $F12) * (rng_out_base_post_yr4*rng_out_340B)), 0))/[1]Tables!$AT$4)/AT12, 0)} -> 0 | DM12: {=IFERROR(((SUMPRODUCT((rng_out_mail_ind = $B12) * (rng_out_ds = $C12) * (rng_out_sel_sp_ind = $D12) * (rng_out_sel_excl_ind = $E12) * (rng_out_base_post_yr5*rng_out_340B)) + IF([1]Tables!$C$16=[1]Tables!$CF$4, SUMPRODUCT((rng_out_mail_ind = $B12) * (rng_out_ds = $C12) * (rng_out_sel_sp_ind = $D12) * (rng_out_sel_excl_ind = $F12) * (rng_out_base_post_yr5*rng_out_340B)), 0))/[1]Tables!$AT$4)/AU12, 0)} -> 0
B13: M | D13: N | E13: N | F13: Y | H13: Mail | I13: {=SUMIFS(INDIRECT('[1]RA Output'!BP$1), rng_out_mail_ind, $B13, rng_out_sel_sp_ind, $D13, rng_out_sel_excl_ind,$E13) + SUMIFS(INDIRECT('[1]RA Output'!BP$1), rng_out_mail_ind, $B13, rng_out_sel_sp_ind, $D13, rng_out_sel_excl_ind,$F13, rng_out_sel_excl_yr_ind, ">0") + IF([1]Tables!$C$16=[1]Tables!$CF$4, SUMIFS(INDIRECT('[1]RA Output'!BP$1), rng_out_mail_ind, $B13, rng_out_sel_sp_ind, $D13, rng_out_sel_excl_ind,$F13,rng_out_sel_excl_yr_ind, ""), 0)} -> #REF! | J13: {=SUMIFS(INDIRECT('[1]RA Output'!BQ$1), rng_out_mail_ind, $B13, rng_out_sel_sp_ind, $D13, rng_out_sel_excl_ind,$E13) + SUMIFS(INDIRECT('[1]RA Output'!BQ$1), rng_out_mail_ind, $B13, rng_out_sel_sp_ind, $D13, rng_out_sel_excl_ind,$F13, rng_out_sel_excl_yr_ind, ">0") + IF([1]Tables!$C$16=[1]Tables!$CF$4, SUMIFS(INDIRECT('[1]RA Output'!BQ$1), rng_out_mail_ind, $B13, rng_out_sel_sp_ind, $D13, rng_out_sel_excl_ind,$F13,rng_out_sel_excl_yr_ind, ""), 0)} -> #REF! | K13: {=SUMIFS(INDIRECT('[1]RA Output'!BR$1), rng_out_mail_ind, $B13, rng_out_sel_sp_ind, $D13, rng_out_sel_excl_ind,$E13) + SUMIFS(INDIRECT('[1]RA Output'!BR$1), rng_out_mail_ind, $B13, rng_out_sel_sp_ind, $D13, rng_out_sel_excl_ind,$F13, rng_out_sel_excl_yr_ind, ">0") + IF([1]Tables!$C$16=[1]Tables!$CF$4, SUMIFS(INDIRECT('[1]RA Output'!BR$1), rng_out_mail_ind, $B13, rng_out_sel_sp_ind, $D13, rng_out_sel_excl_ind,$F13,rng_out_sel_excl_yr_ind, ""), 0)} -> #REF! | L13: {=SUMIFS(INDIRECT('[1]RA Output'!BS$1), rng_out_mail_ind, $B13, rng_out_sel_sp_ind, $D13, rng_out_sel_excl_ind,$E13) + SUMIFS(INDIRECT('[1]RA Output'!BS$1), rng_out_mail_ind, $B13, rng_out_sel_sp_ind, $D13, rng_out_sel_excl_ind,$F13, rng_out_sel_excl_yr_ind, ">0") + IF([1]Tables!$C$16=[1]Tables!$CF$4, SUMIFS(INDIRECT('[1]RA Output'!BS$1), rng_out_mail_ind, $B13, rng_out_sel_sp_ind, $D13, rng_out_sel_excl_ind,$F13,rng_out_sel_excl_yr_ind, ""), 0)} -> #REF! | M13: {=SUMIFS(INDIRECT('[1]RA Output'!BT$1), rng_out_mail_ind, $B13, rng_out_sel_sp_ind, $D13, rng_out_sel_excl_ind,$E13) + SUMIFS(INDIRECT('[1]RA Output'!BT$1), rng_out_mail_ind, $B13, rng_out_sel_sp_ind, $D13, rng_out_sel_excl_ind,$F13, rng_out_sel_excl_yr_ind, ">0") + IF([1]Tables!$C$16=[1]Tables!$CF$4, SUMIFS(INDIRECT('[1]RA Output'!BT$1), rng_out_mail_ind, $B13, rng_out_sel_sp_ind, $D13, rng_out_sel_excl_ind,$F13,rng_out_sel_excl_yr_ind, ""), 0)} -> #REF! | N13: =IFERROR(I13/N$60, 0) -> 0 | O13: =IFERROR(J13/O$60, 0) -> 0 | P13: =IFERROR(K13/P$60, 0) -> 0 | Q13: =IFERROR(L13/Q$60, 0) -> 0 | R13: =IFERROR(M13/R$60, 0) -> 0 | S13: =IFERROR(I13/S$60, 0) -> 0 | T13: =IFERROR(J13/T$60, 0) -> 0 | U13: =IFERROR(K13/U$60, 0) -> 0 | V13: =IFERROR(L13/V$60, 0) -> 0 | W13: =IFERROR(M13/W$60, 0) -> 0 | Y13: Mail | Z13: =IFERROR(I13/[1]Tables!$AT$4,0) -> 0 | AA13: =IFERROR(J13/[1]Tables!$AT$4,0) -> 0 | AB13: =IFERROR(K13/[1]Tables!$AT$4,0) -> 0 | AC13: =IFERROR(L13/[1]Tables!$AT$4,0) -> 0 | AD13: =IFERROR(M13/[1]Tables!$AT$4,0) -> 0 | AE13: =IFERROR(N13/[1]Tables!$AT$4, 0) -> 0 | AF13: =IFERROR(O13/[1]Tables!$AT$4, 0) -> 0 | AG13: =IFERROR(P13/[1]Tables!$AT$4, 0) -> 0 | AH13: =IFERROR(Q13/[1]Tables!$AT$4, 0) -> 0 | AI13: =IFERROR(R13/[1]Tables!$AT$4, 0) -> 0 | AJ13: =IFERROR(S13/[1]Tables!$AT$4,0) -> 0 | AK13: =IFERROR(T13/[1]Tables!$AT$4,0) -> 0 | AL13: =IFERROR(U13/[1]Tables!$AT$4,0) -> 0 | AM13: =IFERROR(V13/[1]Tables!$AT$4,0) -> 0 | AN13: =IFERROR(W13/[1]Tables!$AT$4,0) -> 0 | AP13: Mail | AQ13: {=(SUMIFS(INDIRECT('[1]RA Output'!CP$1), rng_out_mail_ind, $B13, rng_out_sel_sp_ind, $D13, rng_out_sel_excl_ind,$E13) + SUMIFS(INDIRECT('[1]RA Output'!CP$1), rng_out_mail_ind, $B13, rng_out_sel_sp_ind, $D13, rng_out_sel_excl_ind,$F13, rng_out_sel_excl_yr_ind, ">0") + IF([1]Tables!$C$16=[1]Tables!$CF$4, SUMIFS(INDIRECT('[1]RA Output'!CP$1), rng_out_mail_ind, $B13, rng_out_sel_sp_ind, $D13, rng_out_sel_excl_ind,$F13,rng_out_sel_excl_yr_ind, ""), 0))/[1]Tables!$AT$4} -> #REF! | AR13: {=(SUMIFS(INDIRECT('[1]RA Output'!CQ$1), rng_out_mail_ind, $B13, rng_out_sel_sp_ind, $D13, rng_out_sel_excl_ind,$E13) + SUMIFS(INDIRECT('[1]RA Output'!CQ$1), rng_out_mail_ind, $B13, rng_out_sel_sp_ind, $D13, rng_out_sel_excl_ind,$F13, rng_out_sel_excl_yr_ind, ">0") + IF([1]Tables!$C$16=[1]Tables!$CF$4, SUMIFS(INDIRECT('[1]RA Output'!CQ$1), rng_out_mail_ind, $B13, rng_out_sel_sp_ind, $D13, rng_out_sel_excl_ind,$F13,rng_out_sel_excl_yr_ind, ""), 0))/[1]Tables!$AT$4} -> #REF! | AS13: {=(SUMIFS(INDIRECT('[1]RA Output'!CR$1), rng_out_mail_ind, $B13, rng_out_sel_sp_ind, $D13, rng_out_sel_excl_ind,$E13) + SUMIFS(INDIRECT('[1]RA Output'!CR$1), rng_out_mail_ind, $B13, rng_out_sel_sp_ind, $D13, rng_out_sel_excl_ind,$F13, rng_out_sel_excl_yr_ind, ">0") + IF([1]Tables!$C$16=[1]Tables!$CF$4, SUMIFS(INDIRECT('[1]RA Output'!CR$1), rng_out_mail_ind, $B13, rng_out_sel_sp_ind, $D13, rng_out_sel_excl_ind,$F13,rng_out_sel_excl_yr_ind, ""), 0))/[1]Tables!$AT$4} -> #REF! | AT13: {=(SUMIFS(INDIRECT('[1]RA Output'!CS$1), rng_out_mail_ind, $B13, rng_out_sel_sp_ind, $D13, rng_out_sel_excl_ind,$E13) + SUMIFS(INDIRECT('[1]RA Output'!CS$1), rng_out_mail_ind, $B13, rng_out_sel_sp_ind, $D13, rng_out_sel_excl_ind,$F13, rng_out_sel_excl_yr_ind, ">0") + IF([1]Tables!$C$16=[1]Tables!$CF$4, SUMIFS(INDIRECT('[1]RA Output'!CS$1), rng_out_mail_ind, $B13, rng_out_sel_sp_ind, $D13, rng_out_sel_excl_ind,$F13,rng_out_sel_excl_yr_ind, ""), 0))/[1]Tables!$AT$4} -> #REF! | AU13: {=(SUMIFS(INDIRECT('[1]RA Output'!CT$1), rng_out_mail_ind, $B13, rng_out_sel_sp_ind, $D13, rng_out_sel_excl_ind,$E13) + SUMIFS(INDIRECT('[1]RA Output'!CT$1), rng_out_mail_ind, $B13, rng_out_sel_sp_ind, $D13, rng_out_sel_excl_ind,$F13, rng_out_sel_excl_yr_ind, ">0") + IF([1]Tables!$C$16=[1]Tables!$CF$4, SUMIFS(INDIRECT('[1]RA Output'!CT$1), rng_out_mail_ind, $B13, rng_out_sel_sp_ind, $D13, rng_out_sel_excl_ind,$F13,rng_out_sel_excl_yr_ind, ""), 0))/[1]Tables!$AT$4} -> #REF! | AV13: =IFERROR(AQ13/AV$60, 0) -> 0 | AW13: =IFERROR(AR13/AW$60, 0) -> 0 | AX13: =IFERROR(AS13/AX$60, 0) -> 0 | AY13: =IFERROR(AT13/AY$60, 0) -> 0 | AZ13: =IFERROR(AU13/AZ$60, 0) -> 0 | BA13: =IFERROR(AQ13/BA$60, 0) -> 0 | BB13: =IFERROR(AR13/BB$60, 0) -> 0 | BC13: =IFERROR(AS13/BC$60, 0) -> 0 | BD13: =IFERROR(AT13/BD$60, 0) -> 0 | BE13: =IFERROR(AU13/BE$60, 0) -> 0 | BG13: Mail | BH13: {=(SUMIFS(INDIRECT('[1]RA Output'!DP$1), rng_out_mail_ind, $B13, rng_out_sel_sp_ind, $D13, rng_out_sel_excl_ind,$E13) + SUMIFS(INDIRECT('[1]RA Output'!DP$1), rng_out_mail_ind, $B13, rng_out_sel_sp_ind, $D13, rng_out_sel_excl_ind,$F13, rng_out_sel_excl_yr_ind, ">0") + IF([1]Tables!$C$16=[1]Tables!$CF$4, SUMIFS(INDIRECT('[1]RA Output'!DP$1), rng_out_mail_ind, $B13, rng_out_sel_sp_ind, $D13, rng_out_sel_excl_ind,$F13,rng_out_sel_excl_yr_ind, ""), 0))/[1]Tables!$AT$4} -> #REF! | BI13: {=(SUMIFS(INDIRECT('[1]RA Output'!DQ$1), rng_out_mail_ind, $B13, rng_out_sel_sp_ind, $D13, rng_out_sel_excl_ind,$E13) + SUMIFS(INDIRECT('[1]RA Output'!DQ$1), rng_out_mail_ind, $B13, rng_out_sel_sp_ind, $D13, rng_out_sel_excl_ind,$F13, rng_out_sel_excl_yr_ind, ">0") + IF([1]Tables!$C$16=[1]Tables!$CF$4, SUMIFS(INDIRECT('[1]RA Output'!DQ$1), rng_out_mail_ind, $B13, rng_out_sel_sp_ind, $D13, rng_out_sel_excl_ind,$F13,rng_out_sel_excl_yr_ind, ""), 0))/[1]Tables!$AT$4} -> #REF! | BJ13: {=(SUMIFS(INDIRECT('[1]RA Output'!DR$1), rng_out_mail_ind, $B13, rng_out_sel_sp_ind, $D13, rng_out_sel_excl_ind,$E13) + SUMIFS(INDIRECT('[1]RA Output'!DR$1), rng_out_mail_ind, $B13, rng_out_sel_sp_ind, $D13, rng_out_sel_excl_ind,$F13, rng_out_sel_excl_yr_ind, ">0") + IF([1]Tables!$C$16=[1]Tables!$CF$4, SUMIFS(INDIRECT('[1]RA Output'!DR$1), rng_out_mail_ind, $B13, rng_out_sel_sp_ind, $D13, rng_out_sel_excl_ind,$F13,rng_out_sel_excl_yr_ind, ""), 0))/[1]Tables!$AT$4} -> #REF! | BK13: {=(SUMIFS(INDIRECT('[1]RA Output'!DS$1), rng_out_mail_ind, $B13, rng_out_sel_sp_ind, $D13, rng_out_sel_excl_ind,$E13) + SUMIFS(INDIRECT('[1]RA Output'!DS$1), rng_out_mail_ind, $B13, rng_out_sel_sp_ind, $D13, rng_out_sel_excl_ind,$F13, rng_out_sel_excl_yr_ind, ">0") + IF([1]Tables!$C$16=[1]Tables!$CF$4, SUMIFS(INDIRECT('[1]RA Output'!DS$1), rng_out_mail_ind, $B13, rng_out_sel_sp_ind, $D13, rng_out_sel_excl_ind,$F13,rng_out_sel_excl_yr_ind, ""), 0))/[1]Tables!$AT$4} -> #REF! | BL13: {=(SUMIFS(INDIRECT('[1]RA Output'!DT$1), rng_out_mail_ind, $B13, rng_out_sel_sp_ind, $D13, rng_out_sel_excl_ind,$E13) + SUMIFS(INDIRECT('[1]RA Output'!DT$1), rng_out_mail_ind, $B13, rng_out_sel_sp_ind, $D13, rng_out_sel_excl_ind,$F13, rng_out_sel_excl_yr_ind, ">0") + IF([1]Tables!$C$16=[1]Tables!$CF$4, SUMIFS(INDIRECT('[1]RA Output'!DT$1), rng_out_mail_ind, $B13, rng_out_sel_sp_ind, $D13, rng_out_sel_excl_ind,$F13,rng_out_sel_excl_yr_ind, ""), 0))/[1]Tables!$AT$4} -> #REF! | BM13: =IFERROR(BH13/BM$60, 0) -> 0 | BN13: =IFERROR(BI13/BN$60, 0) -> 0 | BO13: =IFERROR(BJ13/BO$60, 0) -> 0 | BP13: =IFERROR(BK13/BP$60, 0) -> 0 | BQ13: =IFERROR(BL13/BQ$60, 0) -> 0 | BR13: =IFERROR(BH13/BR$60, 0) -> 0 | BS13: =IFERROR(BI13/BS$60, 0) -> 0 | BT13: =IFERROR(BJ13/BT$60, 0) -> 0 | BU13: =IFERROR(BK13/BU$60, 0) -> 0 | BV13: =IFERROR(BL13/BV$60, 0) -> 0 | BX13: Mail | BY13: =CD13*CD60 -> #VALUE! | BZ13: =CE13*CE60 -> #VALUE! | CA13: =CF13*CF60 -> #VALUE! | CB13: =CG13*CG60 -> #VALUE! | CC13: =CH13*CH60 -> #VALUE! | CD13: =BM13-DC13 -> 0 | CE13: =BN13-DD13 -> 0 | CF13: =BO13-DE13 -> 0 | CG13: =BP13-DF13 -> 0 | CH13: =BQ13-DG13 -> 0 | CI13: =IFERROR(BY13/CI60, 0) -> 0 | CJ13: =IFERROR(BZ13/CJ60, 0) -> 0 | CK13: =IFERROR(CA13/CK60, 0) -> 0 | CL13: =IFERROR(CB13/CL60, 0) -> 0 | CM13: =IFERROR(CC13/CM60, 0) -> 0 | DC13: {=IFERROR(BM13-BM13*BR69*(1-INDEX([1]Tables!$EA$4:$EE$60,MATCH([1]Tables!$C$22&$BX13,[1]Tables!$EA$4:$EA$60,0),[1]Tables!$EE$1))*(1-DI13)/CD60, 0)} -> 0 | DD13: {=IFERROR(BN13-BN13*BS69*(1-INDEX([1]Tables!$EA$4:$EE$60,MATCH([1]Tables!$C$22&$BX13,[1]Tables!$EA$4:$EA$60,0),[1]Tables!$EE$1))*(1-DJ13)/CE60, 0)} -> 0 | DE13: {=IFERROR(BO13-BO13*BT69*(1-INDEX([1]Tables!$EA$4:$EE$60,MATCH([1]Tables!$C$22&$BX13,[1]Tables!$EA$4:$EA$60,0),[1]Tables!$EE$1))*(1-DK13)/CF60, 0)} -> 0 | DF13: {=IFERROR(BP13-BP13*BU69*(1-INDEX([1]Tables!$EA$4:$EE$60,MATCH([1]Tables!$C$22&$BX13,[1]Tables!$EA$4:$EA$60,0),[1]Tables!$EE$1))*(1-DL13)/CG60, 0)} -> 0 | DG13: {=IFERROR(BQ13-BQ13*BV69*(1-INDEX([1]Tables!$EA$4:$EE$60,MATCH([1]Tables!$C$22&$BX13,[1]Tables!$EA$4:$EA$60,0),[1]Tables!$EE$1))*(1-DM13)/CH60, 0)} -> 0 | DI13: {=IFERROR(((SUMPRODUCT((rng_out_mail_ind = $B13) * (rng_out_sel_sp_ind = $D13) * (rng_out_sel_excl_ind = $E13) * (rng_out_base_post_yr1*rng_out_340B)) + IF([1]Tables!$C$16=[1]Tables!$CF$4, SUMPRODUCT((rng_out_mail_ind = $B13) * (rng_out_sel_sp_ind = $D13) * (rng_out_sel_excl_ind = $F13) * (rng_out_base_post_yr1*rng_out_340B)), 0))/[1]Tables!$AT$4)/AQ13, 0)} -> 0 | DJ13: {=IFERROR(((SUMPRODUCT((rng_out_mail_ind = $B13) * (rng_out_sel_sp_ind = $D13) * (rng_out_sel_excl_ind = $E13) *(rng_out_base_post_yr2*rng_out_340B)) + IF([1]Tables!$C$16=[1]Tables!$CF$4, SUMPRODUCT((rng_out_mail_ind = $B13) * (rng_out_sel_sp_ind = $D13) * (rng_out_sel_excl_ind = $F13) * (rng_out_base_post_yr2*rng_out_340B)), 0))/[1]Tables!$AT$4)/AR13, 0)} -> 0 | DK13: {=IFERROR(((SUMPRODUCT((rng_out_mail_ind = $B13) * (rng_out_sel_sp_ind = $D13) * (rng_out_sel_excl_ind = $E13) * (rng_out_base_post_yr3*rng_out_340B)) + IF([1]Tables!$C$16=[1]Tables!$CF$4, SUMPRODUCT((rng_out_mail_ind = $B13) * (rng_out_sel_sp_ind = $D13) * (rng_out_sel_excl_ind = $F13) * (rng_out_base_post_yr3*rng_out_340B)), 0))/[1]Tables!$AT$4)/AS13, 0)} -> 0 | DL13: {=IFERROR(((SUMPRODUCT((rng_out_mail_ind = $B13) * (rng_out_sel_sp_ind = $D13) * (rng_out_sel_excl_ind = $E13) * (rng_out_base_post_yr4*rng_out_340B)) + IF([1]Tables!$C$16=[1]Tables!$CF$4, SUMPRODUCT((rng_out_mail_ind = $B13) * (rng_out_sel_sp_ind = $D13) * (rng_out_sel_excl_ind = $F13) * (rng_out_base_post_yr4*rng_out_340B)), 0))/[1]Tables!$AT$4)/AT13, 0)} -> 0 | DM13: {=IFERROR(((SUMPRODUCT((rng_out_mail_ind = $B13) * (rng_out_sel_sp_ind = $D13) * (rng_out_sel_excl_ind = $E13) * (rng_out_base_post_yr5*rng_out_340B)) + IF([1]Tables!$C$16=[1]Tables!$CF$4, SUMPRODUCT((rng_out_mail_ind = $B13) * (rng_out_sel_sp_ind = $D13) * (rng_out_sel_excl_ind = $F13) * (rng_out_base_post_yr5*rng_out_340B)), 0))/[1]Tables!$AT$4)/AU13, 0)} -> 0
D14: Y | E14: N | F14: Y | H14: Specialty | I14: {=SUMIFS(INDIRECT('[1]RA Output'!BP$1), rng_out_sel_sp_ind, $D14, rng_out_sel_excl_ind,$E14) + SUMIFS(INDIRECT('[1]RA Output'!BP$1), rng_out_sel_sp_ind, $D14, rng_out_sel_excl_ind,$F14, rng_out_sel_excl_yr_ind, ">0") + IF([1]Tables!$C$16=[1]Tables!$CF$4, SUMIFS(INDIRECT('[1]RA Output'!BP$1), rng_out_sel_sp_ind, $D14, rng_out_sel_excl_ind,$F14, rng_out_sel_excl_yr_ind, ""), 0)} -> #REF! | J14: {=SUMIFS(INDIRECT('[1]RA Output'!BQ$1), rng_out_sel_sp_ind, $D14, rng_out_sel_excl_ind,$E14) + SUMIFS(INDIRECT('[1]RA Output'!BQ$1), rng_out_sel_sp_ind, $D14, rng_out_sel_excl_ind,$F14, rng_out_sel_excl_yr_ind, ">0") + IF([1]Tables!$C$16=[1]Tables!$CF$4, SUMIFS(INDIRECT('[1]RA Output'!BQ$1), rng_out_sel_sp_ind, $D14, rng_out_sel_excl_ind,$F14, rng_out_sel_excl_yr_ind, ""), 0)} -> #REF! | K14: {=SUMIFS(INDIRECT('[1]RA Output'!BR$1), rng_out_sel_sp_ind, $D14, rng_out_sel_excl_ind,$E14) + SUMIFS(INDIRECT('[1]RA Output'!BR$1), rng_out_sel_sp_ind, $D14, rng_out_sel_excl_ind,$F14, rng_out_sel_excl_yr_ind, ">0") + IF([1]Tables!$C$16=[1]Tables!$CF$4, SUMIFS(INDIRECT('[1]RA Output'!BR$1), rng_out_sel_sp_ind, $D14, rng_out_sel_excl_ind,$F14, rng_out_sel_excl_yr_ind, ""), 0)} -> #REF! | L14: {=SUMIFS(INDIRECT('[1]RA Output'!BS$1), rng_out_sel_sp_ind, $D14, rng_out_sel_excl_ind,$E14) + SUMIFS(INDIRECT('[1]RA Output'!BS$1), rng_out_sel_sp_ind, $D14, rng_out_sel_excl_ind,$F14, rng_out_sel_excl_yr_ind, ">0") + IF([1]Tables!$C$16=[1]Tables!$CF$4, SUMIFS(INDIRECT('[1]RA Output'!BS$1), rng_out_sel_sp_ind, $D14, rng_out_sel_excl_ind,$F14, rng_out_sel_excl_yr_ind, ""), 0)} -> #REF! | M14: {=SUMIFS(INDIRECT('[1]RA Output'!BT$1), rng_out_sel_sp_ind, $D14, rng_out_sel_excl_ind,$E14) + SUMIFS(INDIRECT('[1]RA Output'!BT$1), rng_out_sel_sp_ind, $D14, rng_out_sel_excl_ind,$F14, rng_out_sel_excl_yr_ind, ">0") + IF([1]Tables!$C$16=[1]Tables!$CF$4, SUMIFS(INDIRECT('[1]RA Output'!BT$1), rng_out_sel_sp_ind, $D14, rng_out_sel_excl_ind,$F14, rng_out_sel_excl_yr_ind, ""), 0)} -> #REF! | N14: =IFERROR(I14/N$61, 0) -> 0 | O14: =IFERROR(J14/O$61, 0) -> 0 | P14: =IFERROR(K14/P$61, 0) -> 0 | Q14: =IFERROR(L14/Q$61, 0) -> 0 | R14: =IFERROR(M14/R$61, 0) -> 0 | S14: =IFERROR(I14/S$61, 0) -> 0 | T14: =IFERROR(J14/T$61, 0) -> 0 | U14: =IFERROR(K14/U$61, 0) -> 0 | V14: =IFERROR(L14/V$61, 0) -> 0 | W14: =IFERROR(M14/W$61, 0) -> 0 | Y14: Specialty | Z14: =IFERROR(I14/[1]Tables!$AT$4,0) -> 0 | AA14: =IFERROR(J14/[1]Tables!$AT$4,0) -> 0 | AB14: =IFERROR(K14/[1]Tables!$AT$4,0) -> 0 | AC14: =IFERROR(L14/[1]Tables!$AT$4,0) -> 0 | AD14: =IFERROR(M14/[1]Tables!$AT$4,0) -> 0 | AE14: =IFERROR(N14/[1]Tables!$AT$4, 0) -> 0 | AF14: =IFERROR(O14/[1]Tables!$AT$4, 0) -> 0 | AG14: =IFERROR(P14/[1]Tables!$AT$4, 0) -> 0 | AH14: =IFERROR(Q14/[1]Tables!$AT$4, 0) -> 0 | AI14: =IFERROR(R14/[1]Tables!$AT$4, 0) -> 0 | AJ14: =IFERROR(S14/[1]Tables!$AT$4,0) -> 0 | AK14: =IFERROR(T14/[1]Tables!$AT$4,0) -> 0 | AL14: =IFERROR(U14/[1]Tables!$AT$4,0) -> 0 | AM14: =IFERROR(V14/[1]Tables!$AT$4,0) -> 0 | AN14: =IFERROR(W14/[1]Tables!$AT$4,0) -> 0 | AP14: Specialty | AQ14: {=(SUMIFS(INDIRECT('[1]RA Output'!CP$1), rng_out_sel_sp_ind, $D14, rng_out_sel_excl_ind,$E14) + SUMIFS(INDIRECT('[1]RA Output'!CP$1), rng_out_sel_sp_ind, $D14, rng_out_sel_excl_ind,$F14, rng_out_sel_excl_yr_ind, ">0") + IF([1]Tables!$C$16=[1]Tables!$CF$4, SUMIFS(INDIRECT('[1]RA Output'!CP$1), rng_out_sel_sp_ind, $D14, rng_out_sel_excl_ind,$F14, rng_out_sel_excl_yr_ind, ""), 0))/[1]Tables!$AT$4} -> #REF! | AR14: {=(SUMIFS(INDIRECT('[1]RA Output'!CQ$1), rng_out_sel_sp_ind, $D14, rng_out_sel_excl_ind,$E14) + SUMIFS(INDIRECT('[1]RA Output'!CQ$1), rng_out_sel_sp_ind, $D14, rng_out_sel_excl_ind,$F14, rng_out_sel_excl_yr_ind, ">0") + IF([1]Tables!$C$16=[1]Tables!$CF$4, SUMIFS(INDIRECT('[1]RA Output'!CQ$1), rng_out_sel_sp_ind, $D14, rng_out_sel_excl_ind,$F14, rng_out_sel_excl_yr_ind, ""), 0))/[1]Tables!$AT$4} -> #REF! | AS14: {=(SUMIFS(INDIRECT('[1]RA Output'!CR$1), rng_out_sel_sp_ind, $D14, rng_out_sel_excl_ind,$E14) + SUMIFS(INDIRECT('[1]RA Output'!CR$1), rng_out_sel_sp_ind, $D14, rng_out_sel_excl_ind,$F14, rng_out_sel_excl_yr_ind, ">0") + IF([1]Tables!$C$16=[1]Tables!$CF$4, SUMIFS(INDIRECT('[1]RA Output'!CR$1), rng_out_sel_sp_ind, $D14, rng_out_sel_excl_ind,$F14, rng_out_sel_excl_yr_ind, ""), 0))/[1]Tables!$AT$4} -> #REF! | AT14: {=(SUMIFS(INDIRECT('[1]RA Output'!CS$1), rng_out_sel_sp_ind, $D14, rng_out_sel_excl_ind,$E14) + SUMIFS(INDIRECT('[1]RA Output'!CS$1), rng_out_sel_sp_ind, $D14, rng_out_sel_excl_ind,$F14, rng_out_sel_excl_yr_ind, ">0") + IF([1]Tables!$C$16=[1]Tables!$CF$4, SUMIFS(INDIRECT('[1]RA Output'!CS$1), rng_out_sel_sp_ind, $D14, rng_out_sel_excl_ind,$F14, rng_out_sel_excl_yr_ind, ""), 0))/[1]Tables!$AT$4} -> #REF! | AU14: {=(SUMIFS(INDIRECT('[1]RA Output'!CT$1), rng_out_sel_sp_ind, $D14, rng_out_sel_excl_ind,$E14) + SUMIFS(INDIRECT('[1]RA Output'!CT$1), rng_out_sel_sp_ind, $D14, rng_out_sel_excl_ind,$F14, rng_out_sel_excl_yr_ind, ">0") + IF([1]Tables!$C$16=[1]Tables!$CF$4, SUMIFS(INDIRECT('[1]RA Output'!CT$1), rng_out_sel_sp_ind, $D14, rng_out_sel_excl_ind,$F14, rng_out_sel_excl_yr_ind, ""), 0))/[1]Tables!$AT$4} -> #REF! | AV14: =IFERROR(AQ14/AV$61, 0) -> 0 | AW14: =IFERROR(AR14/AW$61, 0) -> 0 | AX14: =IFERROR(AS14/AX$61, 0) -> 0 | AY14: =IFERROR(AT14/AY$61, 0) -> 0 | AZ14: =IFERROR(AU14/AZ$61, 0) -> 0 | BA14: =IFERROR(AQ14/BA$61, 0) -> 0 | BB14: =IFERROR(AR14/BB$61, 0) -> 0 | BC14: =IFERROR(AS14/BC$61, 0) -> 0 | BD14: =IFERROR(AT14/BD$61, 0) -> 0 | BE14: =IFERROR(AU14/BE$61, 0) -> 0 | BG14: Specialty | BH14: {=(SUMIFS(INDIRECT('[1]RA Output'!DP$1), rng_out_sel_sp_ind, $D14, rng_out_sel_excl_ind,$E14) + SUMIFS(INDIRECT('[1]RA Output'!DP$1), rng_out_sel_sp_ind, $D14, rng_out_sel_excl_ind,$F14, rng_out_sel_excl_yr_ind, ">0") + IF([1]Tables!$C$16=[1]Tables!$CF$4, SUMIFS(INDIRECT('[1]RA Output'!DP$1), rng_out_sel_sp_ind, $D14, rng_out_sel_excl_ind,$F14,rng_out_sel_excl_yr_ind, ""), 0))/[1]Tables!$AT$4} -> #REF! | BI14: {=(SUMIFS(INDIRECT('[1]RA Output'!DQ$1), rng_out_sel_sp_ind, $D14, rng_out_sel_excl_ind,$E14) + SUMIFS(INDIRECT('[1]RA Output'!DQ$1), rng_out_sel_sp_ind, $D14, rng_out_sel_excl_ind,$F14, rng_out_sel_excl_yr_ind, ">0") + IF([1]Tables!$C$16=[1]Tables!$CF$4, SUMIFS(INDIRECT('[1]RA Output'!DQ$1), rng_out_sel_sp_ind, $D14, rng_out_sel_excl_ind,$F14,rng_out_sel_excl_yr_ind, ""), 0))/[1]Tables!$AT$4} -> #REF! | BJ14: {=(SUMIFS(INDIRECT('[1]RA Output'!DR$1), rng_out_sel_sp_ind, $D14, rng_out_sel_excl_ind,$E14) + SUMIFS(INDIRECT('[1]RA Output'!DR$1), rng_out_sel_sp_ind, $D14, rng_out_sel_excl_ind,$F14, rng_out_sel_excl_yr_ind, ">0") + IF([1]Tables!$C$16=[1]Tables!$CF$4, SUMIFS(INDIRECT('[1]RA Output'!DR$1), rng_out_sel_sp_ind, $D14, rng_out_sel_excl_ind,$F14,rng_out_sel_excl_yr_ind, ""), 0))/[1]Tables!$AT$4} -> #REF! | BK14: {=(SUMIFS(INDIRECT('[1]RA Output'!DS$1), rng_out_sel_sp_ind, $D14, rng_out_sel_excl_ind,$E14) + SUMIFS(INDIRECT('[1]RA Output'!DS$1), rng_out_sel_sp_ind, $D14, rng_out_sel_excl_ind,$F14, rng_out_sel_excl_yr_ind, ">0") + IF([1]Tables!$C$16=[1]Tables!$CF$4, SUMIFS(INDIRECT('[1]RA Output'!DS$1), rng_out_sel_sp_ind, $D14, rng_out_sel_excl_ind,$F14,rng_out_sel_excl_yr_ind, ""), 0))/[1]Tables!$AT$4} -> #REF! | BL14: {=(SUMIFS(INDIRECT('[1]RA Output'!DT$1), rng_out_sel_sp_ind, $D14, rng_out_sel_excl_ind,$E14) + SUMIFS(INDIRECT('[1]RA Output'!DT$1), rng_out_sel_sp_ind, $D14, rng_out_sel_excl_ind,$F14, rng_out_sel_excl_yr_ind, ">0") + IF([1]Tables!$C$16=[1]Tables!$CF$4, SUMIFS(INDIRECT('[1]RA Output'!DT$1), rng_out_sel_sp_ind, $D14, rng_out_sel_excl_ind,$F14,rng_out_sel_excl_yr_ind, ""), 0))/[1]Tables!$AT$4} -> #REF! | BM14: =IFERROR(BH14/BM$61, 0) -> 0 | BN14: =IFERROR(BI14/BN$61, 0) -> 0 | BO14: =IFERROR(BJ14/BO$61, 0) -> 0 | BP14: =IFERROR(BK14/BP$61, 0) -> 0 | BQ14: =IFERROR(BL14/BQ$61, 0) -> 0 | BR14: =IFERROR(BH14/BR$61, 0) -> 0 | BS14: =IFERROR(BI14/BS$61, 0) -> 0 | BT14: =IFERROR(BJ14/BT$61, 0) -> 0 | BU14: =IFERROR(BK14/BU$61, 0) -> 0 | BV14: =IFERROR(BL14/BV$61, 0) -> 0 | BX14: Specialty | BY14: =CD14*CD61 -> #VALUE! | BZ14: =CE14*CE61 -> #VALUE! | CA14: =CF14*CF61 -> #VALUE! | CB14: =CG14*CG61 -> #VALUE! | CC14: =CH14*CH61 -> #VALUE! | CD14: =BM14-DC14 -> 0 | CE14: =BN14-DD14 -> 0 | CF14: =BO14-DE14 -> 0 | CG14: =BP14-DF14 -> 0 | CH14: =BQ14-DG14 -> 0 | CI14: =IFERROR(BY14/CI61, 0) -> 0 | CJ14: =IFERROR(BZ14/CJ61, 0) -> 0 | CK14: =IFERROR(CA14/CK61, 0) -> 0 | CL14: =IFERROR(CB14/CL61, 0) -> 0 | CM14: =IFERROR(CC14/CM61, 0) -> 0 | DC14: {=IFERROR(BM14-BM14*BR70*(1-INDEX([1]Tables!$EA$4:$EE$60,MATCH([1]Tables!$C$22&$BX14,[1]Tables!$EA$4:$EA$60,0),[1]Tables!$EE$1))*(1-DI14)/CD61, 0)} -> 0 | DD14: {=IFERROR(BN14-BN14*BS70*(1-INDEX([1]Tables!$EA$4:$EE$60,MATCH([1]Tables!$C$22&$BX14,[1]Tables!$EA$4:$EA$60,0),[1]Tables!$EE$1))*(1-DJ14)/CE61, 0)} -> 0 | DE14: {=IFERROR(BO14-BO14*BT70*(1-INDEX([1]Tables!$EA$4:$EE$60,MATCH([1]Tables!$C$22&$BX14,[1]Tables!$EA$4:$EA$60,0),[1]Tables!$EE$1))*(1-DK14)/CF61, 0)} -> 0 | DF14: {=IFERROR(BP14-BP14*BU70*(1-INDEX([1]Tables!$EA$4:$EE$60,MATCH([1]Tables!$C$22&$BX14,[1]Tables!$EA$4:$EA$60,0),[1]Tables!$EE$1))*(1-DL14)/CG61, 0)} -> 0 | DG14: {=IFERROR(BQ14-BQ14*BV70*(1-INDEX([1]Tables!$EA$4:$EE$60,MATCH([1]Tables!$C$22&$BX14,[1]Tables!$EA$4:$EA$60,0),[1]Tables!$EE$1))*(1-DM14)/CH61, 0)} -> 0 | DI14: {=IFERROR(((SUMPRODUCT((rng_out_sel_sp_ind = $D14) * (rng_out_sel_excl_ind = $E14) * (rng_out_base_post_yr1*rng_out_340B)) + IF([1]Tables!$C$16=[1]Tables!$CF$4, SUMPRODUCT((rng_out_sel_sp_ind = $D14) * (rng_out_sel_excl_ind = $F14) * (rng_out_base_post_yr1*rng_out_340B)), 0))/[1]Tables!$AT$4)/AQ14, 0)} -> 0 | DJ14: {=IFERROR(((SUMPRODUCT((rng_out_sel_sp_ind = $D14) * (rng_out_sel_excl_ind = $E14) * (rng_out_base_post_yr2*rng_out_340B)) + IF([1]Tables!$C$16=[1]Tables!$CF$4, SUMPRODUCT((rng_out_sel_sp_ind = $D14) * (rng_out_sel_excl_ind = $F14) * (rng_out_base_post_yr2*rng_out_340B)), 0))/[1]Tables!$AT$4)/AR14, 0)} -> 0 | DK14: {=IFERROR(((SUMPRODUCT((rng_out_sel_sp_ind = $D14) * (rng_out_sel_excl_ind = $E14) * (rng_out_base_post_yr3*rng_out_340B)) + IF([1]Tables!$C$16=[1]Tables!$CF$4, SUMPRODUCT((rng_out_sel_sp_ind = $D14) * (rng_out_sel_excl_ind = $F14) * (rng_out_base_post_yr3*rng_out_340B)), 0))/[1]Tables!$AT$4)/AS14, 0)} -> 0 | DL14: {=IFERROR(((SUMPRODUCT((rng_out_sel_sp_ind = $D14) * (rng_out_sel_excl_ind = $E14) * (rng_out_base_post_yr4*rng_out_340B)) + IF([1]Tables!$C$16=[1]Tables!$CF$4, SUMPRODUCT((rng_out_sel_sp_ind = $D14) * (rng_out_sel_excl_ind = $F14) * (rng_out_base_post_yr4*rng_out_340B)), 0))/[1]Tables!$AT$4)/AT14, 0)} -> 0 | DM14: {=IFERROR(((SUMPRODUCT((rng_out_sel_sp_ind = $D14) * (rng_out_sel_excl_ind = $E14) * (rng_out_base_post_yr5*rng_out_340B)) + IF([1]Tables!$C$16=[1]Tables!$CF$4, SUMPRODUCT((rng_out_sel_sp_ind = $D14) * (rng_out_sel_excl_ind = $F14) * (rng_out_base_post_yr5*rng_out_340B)), 0))/[1]Tables!$AT$4)/AU14, 0)} -> 0
H15: Total | I15: =SUM(I11:I14) -> #REF! | J15: =SUM(J11:J14) -> #REF! | K15: =SUM(K11:K14) -> #REF! | L15: =SUM(L11:L14) -> #REF! | M15: =SUM(M11:M14) -> #REF! | N15: =IFERROR(I15/N$62, 0) -> 0 | O15: =IFERROR(J15/O$62, 0) -> 0 | P15: =IFERROR(K15/P$62, 0) -> 0 | Q15: =IFERROR(L15/Q$62, 0) -> 0 | R15: =IFERROR(M15/R$62, 0) -> 0 | S15: =IFERROR(I15/S$62, 0) -> 0 | T15: =IFERROR(J15/T$62, 0) -> 0 | U15: =IFERROR(K15/U$62, 0) -> 0 | V15: =IFERROR(L15/V$62, 0) -> 0 | W15: =IFERROR(M15/W$62, 0) -> 0 | Y15: Total | Z15: =SUM(Z11:Z14) -> 0 | AA15: =SUM(AA11:AA14) -> 0 | AB15: =SUM(AB11:AB14) -> 0 | AC15: =SUM(AC11:AC14) -> 0 | AD15: =SUM(AD11:AD14) -> 0 | AE15: =IFERROR(N15/[1]Tables!$AT$4, 0) -> 0 | AF15: =IFERROR(O15/[1]Tables!$AT$4, 0) -> 0 | AG15: =IFERROR(P15/[1]Tables!$AT$4, 0) -> 0 | AH15: =IFERROR(Q15/[1]Tables!$AT$4, 0) -> 0 | AI15: =IFERROR(R15/[1]Tables!$AT$4, 0) -> 0 | AJ15: =IFERROR(S15/[1]Tables!$AT$4,0) -> 0 | AK15: =IFERROR(T15/[1]Tables!$AT$4,0) -> 0 | AL15: =IFERROR(U15/[1]Tables!$AT$4,0) -> 0 | AM15: =IFERROR(V15/[1]Tables!$AT$4,0) -> 0 | AN15: =IFERROR(W15/[1]Tables!$AT$4,0) -> 0 | AP15: Total | AQ15: =SUM(AQ11:AQ14) -> #REF! | AR15: =SUM(AR11:AR14) -> #REF! | AS15: =SUM(AS11:AS14) -> #REF! | AT15: =SUM(AT11:AT14) -> #REF! | AU15: =SUM(AU11:AU14) -> #REF! | AV15: =IFERROR(AQ15/AV$62, 0) -> 0 | AW15: =IFERROR(AR15/AW$62, 0) -> 0 | AX15: =IFERROR(AS15/AX$62, 0) -> 0 | AY15: =IFERROR(AT15/AY$62, 0) -> 0 | AZ15: =IFERROR(AU15/AZ$62, 0) -> 0 | BA15: =IFERROR(AQ15/BA$62, 0) -> 0 | BB15: =IFERROR(AR15/BB$62, 0) -> 0 | BC15: =IFERROR(AS15/BC$62, 0) -> 0 | BD15: =IFERROR(AT15/BD$62, 0) -> 0 | BE15: =IFERROR(AU15/BE$62, 0) -> 0 | BG15: Total | BH15: =SUM(BH11:BH14) -> #REF! | BI15: =SUM(BI11:BI14) -> #REF! | BJ15: =SUM(BJ11:BJ14) -> #REF! | BK15: =SUM(BK11:BK14) -> #REF! | BL15: =SUM(BL11:BL14) -> #REF! | BM15: =IFERROR(BH15/BM$62, 0) -> 0 | BN15: =IFERROR(BI15/BN$62, 0) -> 0 | BO15: =IFERROR(BJ15/BO$62, 0) -> 0 | BP15: =IFERROR(BK15/BP$62, 0) -> 0 | BQ15: =IFERROR(BL15/BQ$62, 0) -> 0 | BR15: =IFERROR(BH15/BR$62, 0) -> 0 | BS15: =IFERROR(BI15/BS$62, 0) -> 0 | BT15: =IFERROR(BJ15/BT$62, 0) -> 0 | BU15: =IFERROR(BK15/BU$62, 0) -> 0 | BV15: =IFERROR(BL15/BV$62, 0) -> 0 | BX15: Total | BY15: =SUM(BY11:BY14) -> #VALUE! | BZ15: =SUM(BZ11:BZ14) -> #VALUE! | CA15: =SUM(CA11:CA14) -> #VALUE! | CB15: =SUM(CB11:CB14) -> #VALUE! | CC15: =SUM(CC11:CC14) -> #VALUE! | CD15: =IFERROR(BY15/CD62, 0) -> 0 | CE15: =IFERROR(BZ15/CE62, 0) -> 0 | CF15: =IFERROR(CA15/CF62, 0) -> 0 | CG15: =IFERROR(CB15/CG62, 0) -> 0 | CH15: =IFERROR(CC15/CH62, 0) -> 0 | CI15: =IFERROR(BY15/CI62, 0) -> 0 | CJ15: =IFERROR(BZ15/CJ62, 0) -> 0 | CK15: =IFERROR(CA15/CK62, 0) -> 0 | CL15: =IFERROR(CB15/CL62, 0) -> 0 | CM15: =IFERROR(CC15/CM62, 0) -> 0
I17: MAF | Z17: MAF | AQ17: MAF | BH17: MAF | BY17: MAF | DC17: MAF | DI17: MAF
I18: Total $ | N18: Per Brand Script | S18: Per Total Script | Z18: Total $ | AE18: Per Brand Script | AJ18: Per Total Script | AQ18: Total $ | AV18: Per Brand Script | BA18: Per Total Script | BH18: Total $ | BM18: Per Brand Script | BR18: Per Total Script | BY18: Total $ | CD18: Per Brand Script | CI18: Per Total Script | DC18: Rejection Rate Adj | DI18: 340B Rejection Rate
I19: =[1]Tables!$AA$4 -> 07/27 - 06/28 | J19: =[1]Tables!$AA$5 -> 07/28 - 06/29 | K19: =[1]Tables!$AA$6 -> 07/29 - 06/30 | L19: =[1]Tables!$AA$7 -> 07/30 - 06/31 | M19: =[1]Tables!$AA$8 -> 07/31 - 06/32 | N19: =[1]Tables!$AA$4 -> 07/27 - 06/28 | O19: =[1]Tables!$AA$5 -> 07/28 - 06/29 | P19: =[1]Tables!$AA$6 -> 07/29 - 06/30 | Q19: =[1]Tables!$AA$7 -> 07/30 - 06/31 | R19: =[1]Tables!$AA$8 -> 07/31 - 06/32 | S19: =[1]Tables!$AA$4 -> 07/27 - 06/28 | T19: =[1]Tables!$AA$5 -> 07/28 - 06/29 | U19: =[1]Tables!$AA$6 -> 07/29 - 06/30 | V19: =[1]Tables!$AA$7 -> 07/30 - 06/31 | W19: =[1]Tables!$AA$8 -> 07/31 - 06/32 | Z19: =[1]Tables!$AA$4 -> 07/27 - 06/28 | AA19: =[1]Tables!$AA$5 -> 07/28 - 06/29 | AB19: =[1]Tables!$AA$6 -> 07/29 - 06/30 | AC19: =[1]Tables!$AA$7 -> 07/30 - 06/31 | AD19: =[1]Tables!$AA$8 -> 07/31 - 06/32 | AE19: =[1]Tables!$AA$4 -> 07/27 - 06/28 | AF19: =[1]Tables!$AA$5 -> 07/28 - 06/29 | AG19: =[1]Tables!$AA$6 -> 07/29 - 06/30 | AH19: =[1]Tables!$AA$7 -> 07/30 - 06/31 | AI19: =[1]Tables!$AA$8 -> 07/31 - 06/32 | AJ19: =[1]Tables!$AA$4 -> 07/27 - 06/28 | AK19: =[1]Tables!$AA$5 -> 07/28 - 06/29 | AL19: =[1]Tables!$AA$6 -> 07/29 - 06/30 | AM19: =[1]Tables!$AA$7 -> 07/30 - 06/31 | AN19: =[1]Tables!$AA$8 -> 07/31 - 06/32 | AQ19: =[1]Tables!$AA$4 -> 07/27 - 06/28 | AR19: =[1]Tables!$AA$5 -> 07/28 - 06/29 | AS19: =[1]Tables!$AA$6 -> 07/29 - 06/30 | AT19: =[1]Tables!$AA$7 -> 07/30 - 06/31 | AU19: =[1]Tables!$AA$8 -> 07/31 - 06/32 | AV19: =[1]Tables!$AA$4 -> 07/27 - 06/28 | AW19: =[1]Tables!$AA$5 -> 07/28 - 06/29 | AX19: =[1]Tables!$AA$6 -> 07/29 - 06/30 | AY19: =[1]Tables!$AA$7 -> 07/30 - 06/31 | AZ19: =[1]Tables!$AA$8 -> 07/31 - 06/32 | BA19: =[1]Tables!$AA$4 -> 07/27 - 06/28 | BB19: =[1]Tables!$AA$5 -> 07/28 - 06/29 | BC19: =[1]Tables!$AA$6 -> 07/29 - 06/30 | BD19: =[1]Tables!$AA$7 -> 07/30 - 06/31 | BE19: =[1]Tables!$AA$8 -> 07/31 - 06/32 | BH19: =[1]Tables!$AA$4 -> 07/27 - 06/28 | BI19: =[1]Tables!$AA$5 -> 07/28 - 06/29 | BJ19: =[1]Tables!$AA$6 -> 07/29 - 06/30 | BK19: =[1]Tables!$AA$7 -> 07/30 - 06/31 | BL19: =[1]Tables!$AA$8 -> 07/31 - 06/32 | BM19: =[1]Tables!$AA$4 -> 07/27 - 06/28 | BN19: =[1]Tables!$AA$5 -> 07/28 - 06/29 | BO19: =[1]Tables!$AA$6 -> 07/29 - 06/30 | BP19: =[1]Tables!$AA$7 -> 07/30 - 06/31 | BQ19: =[1]Tables!$AA$8 -> 07/31 - 06/32 | BR19: =[1]Tables!$AA$4 -> 07/27 - 06/28 | BS19: =[1]Tables!$AA$5 -> 07/28 - 06/29 | BT19: =[1]Tables!$AA$6 -> 07/29 - 06/30 | BU19: =[1]Tables!$AA$7 -> 07/30 - 06/31 | BV19: =[1]Tables!$AA$8 -> 07/31 - 06/32 | BY19: =[1]Tables!$AA$4 -> 07/27 - 06/28 | BZ19: =[1]Tables!$AA$5 -> 07/28 - 06/29 | CA19: =[1]Tables!$AA$6 -> 07/29 - 06/30 | CB19: =[1]Tables!$AA$7 -> 07/30 - 06/31 | CC19: =[1]Tables!$AA$8 -> 07/31 - 06/32 | CD19: =[1]Tables!$AA$4 -> 07/27 - 06/28 | CE19: =[1]Tables!$AA$5 -> 07/28 - 06/29 | CF19: =[1]Tables!$AA$6 -> 07/29 - 06/30 | CG19: =[1]Tables!$AA$7 -> 07/30 - 06/31 | CH19: =[1]Tables!$AA$8 -> 07/31 - 06/32 | CI19: =[1]Tables!$AA$4 -> 07/27 - 06/28 | CJ19: =[1]Tables!$AA$5 -> 07/28 - 06/29 | CK19: =[1]Tables!$AA$6 -> 07/29 - 06/30 | CL19: =[1]Tables!$AA$7 -> 07/30 - 06/31 | CM19: =[1]Tables!$AA$8 -> 07/31 - 06/32 | DC19: =[1]Tables!$AA$4 -> 07/27 - 06/28 | DD19: =[1]Tables!$AA$5 -> 07/28 - 06/29 | DE19: =[1]Tables!$AA$6 -> 07/29 - 06/30 | DF19: =[1]Tables!$AA$7 -> 07/30 - 06/31 | DG19: =[1]Tables!$AA$8 -> 07/31 - 06/32 | DI19: =[1]Tables!$AA$4 -> 07/27 - 06/28 | DJ19: =[1]Tables!$AA$5 -> 07/28 - 06/29 | DK19: =[1]Tables!$AA$6 -> 07/29 - 06/30 | DL19: =[1]Tables!$AA$7 -> 07/30 - 06/31 | DM19: =[1]Tables!$AA$8 -> 07/31 - 06/32
B20: R | C20: 30 | D20: N | E20: N | F20: Y | H20: Retail 30 | I20: {=SUMIFS(INDIRECT('[1]RA Output'!BU$1), rng_out_mail_ind, $B20, rng_out_ds, $C20, rng_out_sel_sp_ind, $D20, rng_out_sel_excl_ind,$E20) + SUMIFS(INDIRECT('[1]RA Output'!BU$1), rng_out_mail_ind, $B20, rng_out_ds, $C20, rng_out_sel_sp_ind, $D20, rng_out_sel_excl_ind,$F20, rng_out_sel_excl_yr_ind, ">0", rng_out_sel_excl_ind,$F20) + IF([1]Tables!$C$16=[1]Tables!$CF$4, SUMIFS(INDIRECT('[1]RA Output'!BU$1), rng_out_mail_ind, $B20, rng_out_ds, $C20, rng_out_sel_sp_ind, $D20, rng_out_sel_excl_ind,$F20,rng_out_sel_excl_yr_ind, ""), 0)} -> #REF! | J20: {=SUMIFS(INDIRECT('[1]RA Output'!BV$1), rng_out_mail_ind, $B20, rng_out_ds, $C20, rng_out_sel_sp_ind, $D20, rng_out_sel_excl_ind,$E20) + SUMIFS(INDIRECT('[1]RA Output'!BV$1), rng_out_mail_ind, $B20, rng_out_ds, $C20, rng_out_sel_sp_ind, $D20, rng_out_sel_excl_ind,$F20, rng_out_sel_excl_yr_ind, ">0", rng_out_sel_excl_ind,$F20) + IF([1]Tables!$C$16=[1]Tables!$CF$4, SUMIFS(INDIRECT('[1]RA Output'!BV$1), rng_out_mail_ind, $B20, rng_out_ds, $C20, rng_out_sel_sp_ind, $D20, rng_out_sel_excl_ind,$F20,rng_out_sel_excl_yr_ind, ""), 0)} -> #REF! | K20: {=SUMIFS(INDIRECT('[1]RA Output'!BW$1), rng_out_mail_ind, $B20, rng_out_ds, $C20, rng_out_sel_sp_ind, $D20, rng_out_sel_excl_ind,$E20) + SUMIFS(INDIRECT('[1]RA Output'!BW$1), rng_out_mail_ind, $B20, rng_out_ds, $C20, rng_out_sel_sp_ind, $D20, rng_out_sel_excl_ind,$F20, rng_out_sel_excl_yr_ind, ">0", rng_out_sel_excl_ind,$F20) + IF([1]Tables!$C$16=[1]Tables!$CF$4, SUMIFS(INDIRECT('[1]RA Output'!BW$1), rng_out_mail_ind, $B20, rng_out_ds, $C20, rng_out_sel_sp_ind, $D20, rng_out_sel_excl_ind,$F20,rng_out_sel_excl_yr_ind, ""), 0)} -> #REF! | L20: {=SUMIFS(INDIRECT('[1]RA Output'!BX$1), rng_out_mail_ind, $B20, rng_out_ds, $C20, rng_out_sel_sp_ind, $D20, rng_out_sel_excl_ind,$E20) + SUMIFS(INDIRECT('[1]RA Output'!BX$1), rng_out_mail_ind, $B20, rng_out_ds, $C20, rng_out_sel_sp_ind, $D20, rng_out_sel_excl_ind,$F20, rng_out_sel_excl_yr_ind, ">0", rng_out_sel_excl_ind,$F20) + IF([1]Tables!$C$16=[1]Tables!$CF$4, SUMIFS(INDIRECT('[1]RA Output'!BX$1), rng_out_mail_ind, $B20, rng_out_ds, $C20, rng_out_sel_sp_ind, $D20, rng_out_sel_excl_ind,$F20,rng_out_sel_excl_yr_ind, ""), 0)} -> #REF! | M20: {=SUMIFS(INDIRECT('[1]RA Output'!BY$1), rng_out_mail_ind, $B20, rng_out_ds, $C20, rng_out_sel_sp_ind, $D20, rng_out_sel_excl_ind,$E20) + SUMIFS(INDIRECT('[1]RA Output'!BY$1), rng_out_mail_ind, $B20, rng_out_ds, $C20, rng_out_sel_sp_ind, $D20, rng_out_sel_excl_ind,$F20, rng_out_sel_excl_yr_ind, ">0", rng_out_sel_excl_ind,$F20) + IF([1]Tables!$C$16=[1]Tables!$CF$4, SUMIFS(INDIRECT('[1]RA Output'!BY$1), rng_out_mail_ind, $B20, rng_out_ds, $C20, rng_out_sel_sp_ind, $D20, rng_out_sel_excl_ind,$F20,rng_out_sel_excl_yr_ind, ""), 0)} -> #REF! | N20: =IFERROR(I20/N$58, 0) -> 0 | O20: =IFERROR(J20/O$58, 0) -> 0 | P20: =IFERROR(K20/P$58, 0) -> 0 | Q20: =IFERROR(L20/Q$58, 0) -> 0 | R20: =IFERROR(M20/R$58, 0) -> 0 | S20: =IFERROR(I20/S$58, 0) -> 0 | T20: =IFERROR(J20/T$58, 0) -> 0 | U20: =IFERROR(K20/U$58, 0) -> 0 | V20: =IFERROR(L20/V$58, 0) -> 0 | W20: =IFERROR(M20/W$58, 0) -> 0 | Y20: Retail 30 | Z20: =IFERROR(I20/[1]Tables!$AT$4, 0) -> 0 | AA20: =IFERROR(J20/[1]Tables!$AT$4, 0) -> 0 | AB20: =IFERROR(K20/[1]Tables!$AT$4, 0) -> 0 | AC20: =IFERROR(L20/[1]Tables!$AT$4, 0) -> 0 | AD20: =IFERROR(M20/[1]Tables!$AT$4, 0) -> 0 | AE20: =IFERROR(N20/[1]Tables!$AT$4, 0) -> 0 | AF20: =IFERROR(O20/[1]Tables!$AT$4, 0) -> 0 | AG20: =IFERROR(P20/[1]Tables!$AT$4, 0) -> 0 | ... AN20: =IFERROR(W20/[1]Tables!$AT$4, 0) -> 0 | AP20: Retail 30 | AQ20: {=(SUMIFS(INDIRECT('[1]RA Output'!CU$1), rng_out_mail_ind, $B20, rng_out_ds, $C20, rng_out_sel_sp_ind, $D20, rng_out_sel_excl_ind,$E20) + SUMIFS(INDIRECT('[1]RA Output'!CU$1), rng_out_mail_ind, $B20, rng_out_ds, $C20, rng_out_sel_sp_ind, $D20, rng_out_sel_excl_ind,$F20, rng_out_sel_excl_yr_ind, ">0", rng_out_sel_excl_ind,$F20) + IF([1]Tables!$C$16=[1]Tables!$CF$4, SUMIFS(INDIRECT('[1]RA Output'!CU$1), rng_out_mail_ind, $B20, rng_out_ds, $C20, rng_out_sel_sp_ind, $D20, rng_out_sel_excl_ind,$F20,rng_out_sel_excl_yr_ind, ""), 0))/[1]Tables!$AT$4} -> #REF! | AR20: {=(SUMIFS(INDIRECT('[1]RA Output'!CV$1), rng_out_mail_ind, $B20, rng_out_ds, $C20, rng_out_sel_sp_ind, $D20, rng_out_sel_excl_ind,$E20) + SUMIFS(INDIRECT('[1]RA Output'!CV$1), rng_out_mail_ind, $B20, rng_out_ds, $C20, rng_out_sel_sp_ind, $D20, rng_out_sel_excl_ind,$F20, rng_out_sel_excl_yr_ind, ">0", rng_out_sel_excl_ind,$F20) + IF([1]Tables!$C$16=[1]Tables!$CF$4, SUMIFS(INDIRECT('[1]RA Output'!CV$1), rng_out_mail_ind, $B20, rng_out_ds, $C20, rng_out_sel_sp_ind, $D20, rng_out_sel_excl_ind,$F20,rng_out_sel_excl_yr_ind, ""), 0))/[1]Tables!$AT$4} -> #REF! | AS20: {=(SUMIFS(INDIRECT('[1]RA Output'!CW$1), rng_out_mail_ind, $B20, rng_out_ds, $C20, rng_out_sel_sp_ind, $D20, rng_out_sel_excl_ind,$E20) + SUMIFS(INDIRECT('[1]RA Output'!CW$1), rng_out_mail_ind, $B20, rng_out_ds, $C20, rng_out_sel_sp_ind, $D20, rng_out_sel_excl_ind,$F20, rng_out_sel_excl_yr_ind, ">0", rng_out_sel_excl_ind,$F20) + IF([1]Tables!$C$16=[1]Tables!$CF$4, SUMIFS(INDIRECT('[1]RA Output'!CW$1), rng_out_mail_ind, $B20, rng_out_ds, $C20, rng_out_sel_sp_ind, $D20, rng_out_sel_excl_ind,$F20,rng_out_sel_excl_yr_ind, ""), 0))/[1]Tables!$AT$4} -> #REF! | AT20: {=(SUMIFS(INDIRECT('[1]RA Output'!CX$1), rng_out_mail_ind, $B20, rng_out_ds, $C20, rng_out_sel_sp_ind, $D20, rng_out_sel_excl_ind,$E20) + SUMIFS(INDIRECT('[1]RA Output'!CX$1), rng_out_mail_ind, $B20, rng_out_ds, $C20, rng_out_sel_sp_ind, $D20, rng_out_sel_excl_ind,$F20, rng_out_sel_excl_yr_ind, ">0", rng_out_sel_excl_ind,$F20) + IF([1]Tables!$C$16=[1]Tables!$CF$4, SUMIFS(INDIRECT('[1]RA Output'!CX$1), rng_out_mail_ind, $B20, rng_out_ds, $C20, rng_out_sel_sp_ind, $D20, rng_out_sel_excl_ind,$F20,rng_out_sel_excl_yr_ind, ""), 0))/[1]Tables!$AT$4} -> #REF! | AU20: {=(SUMIFS(INDIRECT('[1]RA Output'!CY$1), rng_out_mail_ind, $B20, rng_out_ds, $C20, rng_out_sel_sp_ind, $D20, rng_out_sel_excl_ind,$E20) + SUMIFS(INDIRECT('[1]RA Output'!CY$1), rng_out_mail_ind, $B20, rng_out_ds, $C20, rng_out_sel_sp_ind, $D20, rng_out_sel_excl_ind,$F20, rng_out_sel_excl_yr_ind, ">0", rng_out_sel_excl_ind,$F20) + IF([1]Tables!$C$16=[1]Tables!$CF$4, SUMIFS(INDIRECT('[1]RA Output'!CY$1), rng_out_mail_ind, $B20, rng_out_ds, $C20, rng_out_sel_sp_ind, $D20, rng_out_sel_excl_ind,$F20,rng_out_sel_excl_yr_ind, ""), 0))/[1]Tables!$AT$4} -> #REF! | AV20: =IFERROR(AQ20/AV$58, 0) -> 0 | AW20: =IFERROR(AR20/AW$58, 0) -> 0 | AX20: =IFERROR(AS20/AX$58, 0) -> 0 | AY20: =IFERROR(AT20/AY$58, 0) -> 0 | AZ20: =IFERROR(AU20/AZ$58, 0) -> 0 | BA20: =IFERROR(AQ20/BA$58, 0) -> 0 | BB20: =IFERROR(AR20/BB$58, 0) -> 0 | BC20: =IFERROR(AS20/BC$58, 0) -> 0 | BD20: =IFERROR(AT20/BD$58, 0) -> 0 | BE20: =IFERROR(AU20/BE$58, 0) -> 0 | BG20: Retail 30 | BH20: =AQ20 -> #REF! | BI20: =AR20 -> #REF! | BJ20: =AS20 -> #REF! | BK20: =AT20 -> #REF! | BL20: =AU20 -> #REF! | BM20: =IFERROR(BH20/BM$58, 0) -> 0 | BN20: =IFERROR(BI20/BN$58, 0) -> 0 | BO20: =IFERROR(BJ20/BO$58, 0) -> 0 | BP20: =IFERROR(BK20/BP$58, 0) -> 0 | BQ20: =IFERROR(BL20/BQ$58, 0) -> 0 | BR20: =IFERROR(BH20/BR$58, 0) -> 0 | BS20: =IFERROR(BI20/BS$58, 0) -> 0 | BT20: =IFERROR(BJ20/BT$58, 0) -> 0 | BU20: =IFERROR(BK20/BU$58, 0) -> 0 | BV20: =IFERROR(BL20/BV$58, 0) -> 0 | BX20: Retail 30 | BY20: =CD20*CD58 -> #VALUE! | BZ20: =CE20*CE58 -> #VALUE! | CA20: =CF20*CF58 -> #VALUE! | CB20: =CG20*CG58 -> #VALUE! | CC20: =CH20*CH58 -> #VALUE! | CD20: =BM20-DC20 -> 0 | CE20: =BN20-DD20 -> 0 | CF20: =BO20-DE20 -> 0 | CG20: =BP20-DF20 -> 0 | CH20: =BQ20-DG20 -> 0 | CI20: =IFERROR(BY20/CI58, 0) -> 0 | CJ20: =IFERROR(BZ20/CJ58, 0) -> 0 | CK20: =IFERROR(CA20/CK58, 0) -> 0 | CL20: =IFERROR(CB20/CL58, 0) -> 0 | CM20: =IFERROR(CC20/CM58, 0) -> 0 | DC20: {=IFERROR(BM20-BM20*BR67*(1-INDEX([1]Tables!$EA$4:$EE$60,MATCH([1]Tables!$C$22&$BX20,[1]Tables!$EA$4:$EA$60,0),[1]Tables!$EE$1))*(1-DI20)/CD58, 0)} -> 0 | DD20: {=IFERROR(BN20-BN20*BS67*(1-INDEX([1]Tables!$EA$4:$EE$60,MATCH([1]Tables!$C$22&$BX20,[1]Tables!$EA$4:$EA$60,0),[1]Tables!$EE$1))*(1-DJ20)/CE58, 0)} -> 0 | DE20: {=IFERROR(BO20-BO20*BT67*(1-INDEX([1]Tables!$EA$4:$EE$60,MATCH([1]Tables!$C$22&$BX20,[1]Tables!$EA$4:$EA$60,0),[1]Tables!$EE$1))*(1-DK20)/CF58, 0)} -> 0 | DF20: {=IFERROR(BP20-BP20*BU67*(1-INDEX([1]Tables!$EA$4:$EE$60,MATCH([1]Tables!$C$22&$BX20,[1]Tables!$EA$4:$EA$60,0),[1]Tables!$EE$1))*(1-DL20)/CG58, 0)} -> 0 | DG20: {=IFERROR(BQ20-BQ20*BV67*(1-INDEX([1]Tables!$EA$4:$EE$60,MATCH([1]Tables!$C$22&$BX20,[1]Tables!$EA$4:$EA$60,0),[1]Tables!$EE$1))*(1-DM20)/CH58, 0)} -> 0 | DI20: {=IFERROR(((SUMPRODUCT((rng_out_mail_ind = $B20) * (rng_out_ds = $C20) * (rng_out_sel_sp_ind = $D20) * (rng_out_sel_excl_ind = $E20) * (rng_out_maf_post_yr1*rng_out_340B)) + IF([1]Tables!$C$16=[1]Tables!$CF$4, SUMPRODUCT((rng_out_mail_ind = $B20) * (rng_out_ds = $C20) * (rng_out_sel_sp_ind = $D20) * (rng_out_sel_excl_ind = $F20) * (rng_out_maf_post_yr1*rng_out_340B)), 0))/[1]Tables!$AT$4)/AQ20, 0)} -> 0 | DJ20: {=IFERROR(((SUMPRODUCT((rng_out_mail_ind = $B20) * (rng_out_ds = $C20) * (rng_out_sel_sp_ind = $D20) * (rng_out_sel_excl_ind = $E20) * (rng_out_maf_post_yr2*rng_out_340B)) + IF([1]Tables!$C$16=[1]Tables!$CF$4, SUMPRODUCT((rng_out_mail_ind = $B20) * (rng_out_ds = $C20) * (rng_out_sel_sp_ind = $D20) * (rng_out_sel_excl_ind = $F20) * (rng_out_maf_post_yr2*rng_out_340B)), 0))/[1]Tables!$AT$4)/AR20, 0)} -> 0 | DK20: {=IFERROR(((SUMPRODUCT((rng_out_mail_ind = $B20) * (rng_out_ds = $C20) * (rng_out_sel_sp_ind = $D20) * (rng_out_sel_excl_ind = $E20) * (rng_out_maf_post_yr3*rng_out_340B)) + IF([1]Tables!$C$16=[1]Tables!$CF$4, SUMPRODUCT((rng_out_mail_ind = $B20) * (rng_out_ds = $C20) * (rng_out_sel_sp_ind = $D20) * (rng_out_sel_excl_ind = $F20) * (rng_out_maf_post_yr3*rng_out_340B)), 0))/[1]Tables!$AT$4)/AS20, 0)} -> 0 | DL20: {=IFERROR(((SUMPRODUCT((rng_out_mail_ind = $B20) * (rng_out_ds = $C20) * (rng_out_sel_sp_ind = $D20) * (rng_out_sel_excl_ind = $E20) * (rng_out_maf_post_yr4*rng_out_340B)) + IF([1]Tables!$C$16=[1]Tables!$CF$4, SUMPRODUCT((rng_out_mail_ind = $B20) * (rng_out_ds = $C20) * (rng_out_sel_sp_ind = $D20) * (rng_out_sel_excl_ind = $F20) * (rng_out_maf_post_yr4*rng_out_340B)), 0))/[1]Tables!$AT$4)/AT20, 0)} -> 0 | DM20: {=IFERROR(((SUMPRODUCT((rng_out_mail_ind = $B20) * (rng_out_ds = $C20) * (rng_out_sel_sp_ind = $D20) * (rng_out_sel_excl_ind = $E20) * (rng_out_maf_post_yr5*rng_out_340B)) + IF([1]Tables!$C$16=[1]Tables!$CF$4, SUMPRODUCT((rng_out_mail_ind = $B20) * (rng_out_ds = $C20) * (rng_out_sel_sp_ind = $D20) * (rng_out_sel_excl_ind = $F20) * (rng_out_maf_post_yr5*rng_out_340B)), 0))/[1]Tables!$AT$4)/AU20, 0)} -> 0
B21: R | C21: 90 | D21: N | E21: N | F21: Y | H21: Retail 90 | I21: {=SUMIFS(INDIRECT('[1]RA Output'!BU$1), rng_out_mail_ind, $B21, rng_out_ds, $C21, rng_out_sel_sp_ind, $D21, rng_out_sel_excl_ind,$E21) + SUMIFS(INDIRECT('[1]RA Output'!BU$1), rng_out_mail_ind, $B21, rng_out_ds, $C21, rng_out_sel_sp_ind, $D21, rng_out_sel_excl_ind,$F21, rng_out_sel_excl_yr_ind, ">0", rng_out_sel_excl_ind,$F21) + IF([1]Tables!$C$16=[1]Tables!$CF$4, SUMIFS(INDIRECT('[1]RA Output'!BU$1), rng_out_mail_ind, $B21, rng_out_ds, $C21, rng_out_sel_sp_ind, $D21, rng_out_sel_excl_ind,$F21,rng_out_sel_excl_yr_ind, ""), 0)} -> #REF! | J21: {=SUMIFS(INDIRECT('[1]RA Output'!BV$1), rng_out_mail_ind, $B21, rng_out_ds, $C21, rng_out_sel_sp_ind, $D21, rng_out_sel_excl_ind,$E21) + SUMIFS(INDIRECT('[1]RA Output'!BV$1), rng_out_mail_ind, $B21, rng_out_ds, $C21, rng_out_sel_sp_ind, $D21, rng_out_sel_excl_ind,$F21, rng_out_sel_excl_yr_ind, ">0", rng_out_sel_excl_ind,$F21) + IF([1]Tables!$C$16=[1]Tables!$CF$4, SUMIFS(INDIRECT('[1]RA Output'!BV$1), rng_out_mail_ind, $B21, rng_out_ds, $C21, rng_out_sel_sp_ind, $D21, rng_out_sel_excl_ind,$F21,rng_out_sel_excl_yr_ind, ""), 0)} -> #REF! | K21: {=SUMIFS(INDIRECT('[1]RA Output'!BW$1), rng_out_mail_ind, $B21, rng_out_ds, $C21, rng_out_sel_sp_ind, $D21, rng_out_sel_excl_ind,$E21) + SUMIFS(INDIRECT('[1]RA Output'!BW$1), rng_out_mail_ind, $B21, rng_out_ds, $C21, rng_out_sel_sp_ind, $D21, rng_out_sel_excl_ind,$F21, rng_out_sel_excl_yr_ind, ">0", rng_out_sel_excl_ind,$F21) + IF([1]Tables!$C$16=[1]Tables!$CF$4, SUMIFS(INDIRECT('[1]RA Output'!BW$1), rng_out_mail_ind, $B21, rng_out_ds, $C21, rng_out_sel_sp_ind, $D21, rng_out_sel_excl_ind,$F21,rng_out_sel_excl_yr_ind, ""), 0)} -> #REF! | L21: {=SUMIFS(INDIRECT('[1]RA Output'!BX$1), rng_out_mail_ind, $B21, rng_out_ds, $C21, rng_out_sel_sp_ind, $D21, rng_out_sel_excl_ind,$E21) + SUMIFS(INDIRECT('[1]RA Output'!BX$1), rng_out_mail_ind, $B21, rng_out_ds, $C21, rng_out_sel_sp_ind, $D21, rng_out_sel_excl_ind,$F21, rng_out_sel_excl_yr_ind, ">0", rng_out_sel_excl_ind,$F21) + IF([1]Tables!$C$16=[1]Tables!$CF$4, SUMIFS(INDIRECT('[1]RA Output'!BX$1), rng_out_mail_ind, $B21, rng_out_ds, $C21, rng_out_sel_sp_ind, $D21, rng_out_sel_excl_ind,$F21,rng_out_sel_excl_yr_ind, ""), 0)} -> #REF! | M21: {=SUMIFS(INDIRECT('[1]RA Output'!BY$1), rng_out_mail_ind, $B21, rng_out_ds, $C21, rng_out_sel_sp_ind, $D21, rng_out_sel_excl_ind,$E21) + SUMIFS(INDIRECT('[1]RA Output'!BY$1), rng_out_mail_ind, $B21, rng_out_ds, $C21, rng_out_sel_sp_ind, $D21, rng_out_sel_excl_ind,$F21, rng_out_sel_excl_yr_ind, ">0", rng_out_sel_excl_ind,$F21) + IF([1]Tables!$C$16=[1]Tables!$CF$4, SUMIFS(INDIRECT('[1]RA Output'!BY$1), rng_out_mail_ind, $B21, rng_out_ds, $C21, rng_out_sel_sp_ind, $D21, rng_out_sel_excl_ind,$F21,rng_out_sel_excl_yr_ind, ""), 0)} -> #REF! | N21: =IFERROR(I21/N$59, 0) -> 0 | O21: =IFERROR(J21/O$59, 0) -> 0 | P21: =IFERROR(K21/P$59, 0) -> 0 | Q21: =IFERROR(L21/Q$59, 0) -> 0 | R21: =IFERROR(M21/R$59, 0) -> 0 | S21: =IFERROR(I21/S$59, 0) -> 0 | T21: =IFERROR(J21/T$59, 0) -> 0 | U21: =IFERROR(K21/U$59, 0) -> 0 | V21: =IFERROR(L21/V$59, 0) -> 0 | W21: =IFERROR(M21/W$59, 0) -> 0 | Y21: Retail 90 | Z21: =IFERROR(I21/[1]Tables!$AT$4, 0) -> 0 | AA21: =IFERROR(J21/[1]Tables!$AT$4, 0) -> 0 | AB21: =IFERROR(K21/[1]Tables!$AT$4, 0) -> 0 | AC21: =IFERROR(L21/[1]Tables!$AT$4, 0) -> 0 | AD21: =IFERROR(M21/[1]Tables!$AT$4, 0) -> 0 | AE21: =IFERROR(N21/[1]Tables!$AT$4, 0) -> 0 | AF21: =IFERROR(O21/[1]Tables!$AT$4, 0) -> 0 | AG21: =IFERROR(P21/[1]Tables!$AT$4, 0) -> 0 | ... AN21: =IFERROR(W21/[1]Tables!$AT$4, 0) -> 0 | AP21: Retail 90 | AQ21: {=(SUMIFS(INDIRECT('[1]RA Output'!CU$1), rng_out_mail_ind, $B21, rng_out_ds, $C21, rng_out_sel_sp_ind, $D21, rng_out_sel_excl_ind,$E21) + SUMIFS(INDIRECT('[1]RA Output'!CU$1), rng_out_mail_ind, $B21, rng_out_ds, $C21, rng_out_sel_sp_ind, $D21, rng_out_sel_excl_ind,$F21, rng_out_sel_excl_yr_ind, ">0", rng_out_sel_excl_ind,$F21) + IF([1]Tables!$C$16=[1]Tables!$CF$4, SUMIFS(INDIRECT('[1]RA Output'!CU$1), rng_out_mail_ind, $B21, rng_out_ds, $C21, rng_out_sel_sp_ind, $D21, rng_out_sel_excl_ind,$F21,rng_out_sel_excl_yr_ind, ""), 0))/[1]Tables!$AT$4} -> #REF! | AR21: {=(SUMIFS(INDIRECT('[1]RA Output'!CV$1), rng_out_mail_ind, $B21, rng_out_ds, $C21, rng_out_sel_sp_ind, $D21, rng_out_sel_excl_ind,$E21) + SUMIFS(INDIRECT('[1]RA Output'!CV$1), rng_out_mail_ind, $B21, rng_out_ds, $C21, rng_out_sel_sp_ind, $D21, rng_out_sel_excl_ind,$F21, rng_out_sel_excl_yr_ind, ">0", rng_out_sel_excl_ind,$F21) + IF([1]Tables!$C$16=[1]Tables!$CF$4, SUMIFS(INDIRECT('[1]RA Output'!CV$1), rng_out_mail_ind, $B21, rng_out_ds, $C21, rng_out_sel_sp_ind, $D21, rng_out_sel_excl_ind,$F21,rng_out_sel_excl_yr_ind, ""), 0))/[1]Tables!$AT$4} -> #REF! | AS21: {=(SUMIFS(INDIRECT('[1]RA Output'!CW$1), rng_out_mail_ind, $B21, rng_out_ds, $C21, rng_out_sel_sp_ind, $D21, rng_out_sel_excl_ind,$E21) + SUMIFS(INDIRECT('[1]RA Output'!CW$1), rng_out_mail_ind, $B21, rng_out_ds, $C21, rng_out_sel_sp_ind, $D21, rng_out_sel_excl_ind,$F21, rng_out_sel_excl_yr_ind, ">0", rng_out_sel_excl_ind,$F21) + IF([1]Tables!$C$16=[1]Tables!$CF$4, SUMIFS(INDIRECT('[1]RA Output'!CW$1), rng_out_mail_ind, $B21, rng_out_ds, $C21, rng_out_sel_sp_ind, $D21, rng_out_sel_excl_ind,$F21,rng_out_sel_excl_yr_ind, ""), 0))/[1]Tables!$AT$4} -> #REF! | AT21: {=(SUMIFS(INDIRECT('[1]RA Output'!CX$1), rng_out_mail_ind, $B21, rng_out_ds, $C21, rng_out_sel_sp_ind, $D21, rng_out_sel_excl_ind,$E21) + SUMIFS(INDIRECT('[1]RA Output'!CX$1), rng_out_mail_ind, $B21, rng_out_ds, $C21, rng_out_sel_sp_ind, $D21, rng_out_sel_excl_ind,$F21, rng_out_sel_excl_yr_ind, ">0", rng_out_sel_excl_ind,$F21) + IF([1]Tables!$C$16=[1]Tables!$CF$4, SUMIFS(INDIRECT('[1]RA Output'!CX$1), rng_out_mail_ind, $B21, rng_out_ds, $C21, rng_out_sel_sp_ind, $D21, rng_out_sel_excl_ind,$F21,rng_out_sel_excl_yr_ind, ""), 0))/[1]Tables!$AT$4} -> #REF! | AU21: {=(SUMIFS(INDIRECT('[1]RA Output'!CY$1), rng_out_mail_ind, $B21, rng_out_ds, $C21, rng_out_sel_sp_ind, $D21, rng_out_sel_excl_ind,$E21) + SUMIFS(INDIRECT('[1]RA Output'!CY$1), rng_out_mail_ind, $B21, rng_out_ds, $C21, rng_out_sel_sp_ind, $D21, rng_out_sel_excl_ind,$F21, rng_out_sel_excl_yr_ind, ">0", rng_out_sel_excl_ind,$F21) + IF([1]Tables!$C$16=[1]Tables!$CF$4, SUMIFS(INDIRECT('[1]RA Output'!CY$1), rng_out_mail_ind, $B21, rng_out_ds, $C21, rng_out_sel_sp_ind, $D21, rng_out_sel_excl_ind,$F21,rng_out_sel_excl_yr_ind, ""), 0))/[1]Tables!$AT$4} -> #REF! | AV21: =IFERROR(AQ21/AV$59, 0) -> 0 | AW21: =IFERROR(AR21/AW$59, 0) -> 0 | AX21: =IFERROR(AS21/AX$59, 0) -> 0 | AY21: =IFERROR(AT21/AY$59, 0) -> 0 | AZ21: =IFERROR(AU21/AZ$59, 0) -> 0 | BA21: =IFERROR(AQ21/BA$59, 0) -> 0 | BB21: =IFERROR(AR21/BB$59, 0) -> 0 | BC21: =IFERROR(AS21/BC$59, 0) -> 0 | BD21: =IFERROR(AT21/BD$59, 0) -> 0 | BE21: =IFERROR(AU21/BE$59, 0) -> 0 | BG21: Retail 90 | BH21: =AQ21 -> #REF! | BI21: =AR21 -> #REF! | BJ21: =AS21 -> #REF! | BK21: =AT21 -> #REF! | BL21: =AU21 -> #REF! | BM21: =IFERROR(BH21/BM$59, 0) -> 0 | BN21: =IFERROR(BI21/BN$59, 0) -> 0 | BO21: =IFERROR(BJ21/BO$59, 0) -> 0 | BP21: =IFERROR(BK21/BP$59, 0) -> 0 | BQ21: =IFERROR(BL21/BQ$59, 0) -> 0 | BR21: =IFERROR(BH21/BR$59, 0) -> 0 | BS21: =IFERROR(BI21/BS$59, 0) -> 0 | BT21: =IFERROR(BJ21/BT$59, 0) -> 0 | BU21: =IFERROR(BK21/BU$59, 0) -> 0 | BV21: =IFERROR(BL21/BV$59, 0) -> 0 | BX21: Retail 90 | BY21: =CD21*CD59 -> #VALUE! | BZ21: =CE21*CE59 -> #VALUE! | CA21: =CF21*CF59 -> #VALUE! | CB21: =CG21*CG59 -> #VALUE! | CC21: =CH21*CH59 -> #VALUE! | CD21: =BM21-DC21 -> 0 | CE21: =BN21-DD21 -> 0 | CF21: =BO21-DE21 -> 0 | CG21: =BP21-DF21 -> 0 | CH21: =BQ21-DG21 -> 0 | CI21: =IFERROR(BY21/CI59, 0) -> 0 | CJ21: =IFERROR(BZ21/CJ59, 0) -> 0 | CK21: =IFERROR(CA21/CK59, 0) -> 0 | CL21: =IFERROR(CB21/CL59, 0) -> 0 | CM21: =IFERROR(CC21/CM59, 0) -> 0 | DC21: {=IFERROR(BM21-BM21*BR68*(1-INDEX([1]Tables!$EA$4:$EE$60,MATCH([1]Tables!$C$22&$BX21,[1]Tables!$EA$4:$EA$60,0),[1]Tables!$EE$1))*(1-DI21)/CD59, 0)} -> 0 | DD21: {=IFERROR(BN21-BN21*BS68*(1-INDEX([1]Tables!$EA$4:$EE$60,MATCH([1]Tables!$C$22&$BX21,[1]Tables!$EA$4:$EA$60,0),[1]Tables!$EE$1))*(1-DJ21)/CE59, 0)} -> 0 | DE21: {=IFERROR(BO21-BO21*BT68*(1-INDEX([1]Tables!$EA$4:$EE$60,MATCH([1]Tables!$C$22&$BX21,[1]Tables!$EA$4:$EA$60,0),[1]Tables!$EE$1))*(1-DK21)/CF59, 0)} -> 0 | DF21: {=IFERROR(BP21-BP21*BU68*(1-INDEX([1]Tables!$EA$4:$EE$60,MATCH([1]Tables!$C$22&$BX21,[1]Tables!$EA$4:$EA$60,0),[1]Tables!$EE$1))*(1-DL21)/CG59, 0)} -> 0 | DG21: {=IFERROR(BQ21-BQ21*BV68*(1-INDEX([1]Tables!$EA$4:$EE$60,MATCH([1]Tables!$C$22&$BX21,[1]Tables!$EA$4:$EA$60,0),[1]Tables!$EE$1))*(1-DM21)/CH59, 0)} -> 0 | DI21: {=IFERROR(((SUMPRODUCT((rng_out_mail_ind = $B21) * (rng_out_ds = $C21) * (rng_out_sel_sp_ind = $D21) * (rng_out_sel_excl_ind = $E21) * (rng_out_maf_post_yr1*rng_out_340B)) + IF([1]Tables!$C$16=[1]Tables!$CF$4, SUMPRODUCT((rng_out_mail_ind = $B21) * (rng_out_ds = $C21) * (rng_out_sel_sp_ind = $D21) * (rng_out_sel_excl_ind = $F21) * (rng_out_maf_post_yr1*rng_out_340B)), 0))/[1]Tables!$AT$4)/AQ21, 0)} -> 0 | DJ21: {=IFERROR(((SUMPRODUCT((rng_out_mail_ind = $B21) * (rng_out_ds = $C21) * (rng_out_sel_sp_ind = $D21) * (rng_out_sel_excl_ind = $E21) * (rng_out_maf_post_yr2*rng_out_340B)) + IF([1]Tables!$C$16=[1]Tables!$CF$4, SUMPRODUCT((rng_out_mail_ind = $B21) * (rng_out_ds = $C21) * (rng_out_sel_sp_ind = $D21) * (rng_out_sel_excl_ind = $F21) * (rng_out_maf_post_yr2*rng_out_340B)), 0))/[1]Tables!$AT$4)/AR21, 0)} -> 0 | DK21: {=IFERROR(((SUMPRODUCT((rng_out_mail_ind = $B21) * (rng_out_ds = $C21) * (rng_out_sel_sp_ind = $D21) * (rng_out_sel_excl_ind = $E21) * (rng_out_maf_post_yr3*rng_out_340B)) + IF([1]Tables!$C$16=[1]Tables!$CF$4, SUMPRODUCT((rng_out_mail_ind = $B21) * (rng_out_ds = $C21) * (rng_out_sel_sp_ind = $D21) * (rng_out_sel_excl_ind = $F21) * (rng_out_maf_post_yr3*rng_out_340B)), 0))/[1]Tables!$AT$4)/AS21, 0)} -> 0 | DL21: {=IFERROR(((SUMPRODUCT((rng_out_mail_ind = $B21) * (rng_out_ds = $C21) * (rng_out_sel_sp_ind = $D21) * (rng_out_sel_excl_ind = $E21) * (rng_out_maf_post_yr4*rng_out_340B)) + IF([1]Tables!$C$16=[1]Tables!$CF$4, SUMPRODUCT((rng_out_mail_ind = $B21) * (rng_out_ds = $C21) * (rng_out_sel_sp_ind = $D21) * (rng_out_sel_excl_ind = $F21) * (rng_out_maf_post_yr4*rng_out_340B)), 0))/[1]Tables!$AT$4)/AT21, 0)} -> 0 | DM21: {=IFERROR(((SUMPRODUCT((rng_out_mail_ind = $B21) * (rng_out_ds = $C21) * (rng_out_sel_sp_ind = $D21) * (rng_out_sel_excl_ind = $E21) * (rng_out_maf_post_yr5*rng_out_340B)) + IF([1]Tables!$C$16=[1]Tables!$CF$4, SUMPRODUCT((rng_out_mail_ind = $B21) * (rng_out_ds = $C21) * (rng_out_sel_sp_ind = $D21) * (rng_out_sel_excl_ind = $F21) * (rng_out_maf_post_yr5*rng_out_340B)), 0))/[1]Tables!$AT$4)/AU21, 0)} -> 0
B22: M | D22: N | E22: N | F22: Y | H22: Mail | I22: {=SUMIFS(INDIRECT('[1]RA Output'!BU$1), rng_out_mail_ind, $B22, rng_out_sel_sp_ind, $D22, rng_out_sel_excl_ind,$E22) + SUMIFS(INDIRECT('[1]RA Output'!BU$1), rng_out_mail_ind, $B22, rng_out_sel_sp_ind, $D22, rng_out_sel_excl_ind,$F22, rng_out_sel_excl_yr_ind, ">0") + IF([1]Tables!$C$16=[1]Tables!$CF$4, SUMIFS(INDIRECT('[1]RA Output'!BU$1), rng_out_mail_ind, $B22, rng_out_sel_sp_ind, $D22, rng_out_sel_excl_ind,$F22,rng_out_sel_excl_yr_ind, ""), 0)} -> #REF! | J22: {=SUMIFS(INDIRECT('[1]RA Output'!BV$1), rng_out_mail_ind, $B22, rng_out_sel_sp_ind, $D22, rng_out_sel_excl_ind,$E22) + SUMIFS(INDIRECT('[1]RA Output'!BV$1), rng_out_mail_ind, $B22, rng_out_sel_sp_ind, $D22, rng_out_sel_excl_ind,$F22, rng_out_sel_excl_yr_ind, ">0") + IF([1]Tables!$C$16=[1]Tables!$CF$4, SUMIFS(INDIRECT('[1]RA Output'!BV$1), rng_out_mail_ind, $B22, rng_out_sel_sp_ind, $D22, rng_out_sel_excl_ind,$F22,rng_out_sel_excl_yr_ind, ""), 0)} -> #REF! | K22: {=SUMIFS(INDIRECT('[1]RA Output'!BW$1), rng_out_mail_ind, $B22, rng_out_sel_sp_ind, $D22, rng_out_sel_excl_ind,$E22) + SUMIFS(INDIRECT('[1]RA Output'!BW$1), rng_out_mail_ind, $B22, rng_out_sel_sp_ind, $D22, rng_out_sel_excl_ind,$F22, rng_out_sel_excl_yr_ind, ">0") + IF([1]Tables!$C$16=[1]Tables!$CF$4, SUMIFS(INDIRECT('[1]RA Output'!BW$1), rng_out_mail_ind, $B22, rng_out_sel_sp_ind, $D22, rng_out_sel_excl_ind,$F22,rng_out_sel_excl_yr_ind, ""), 0)} -> #REF! | L22: {=SUMIFS(INDIRECT('[1]RA Output'!BX$1), rng_out_mail_ind, $B22, rng_out_sel_sp_ind, $D22, rng_out_sel_excl_ind,$E22) + SUMIFS(INDIRECT('[1]RA Output'!BX$1), rng_out_mail_ind, $B22, rng_out_sel_sp_ind, $D22, rng_out_sel_excl_ind,$F22, rng_out_sel_excl_yr_ind, ">0") + IF([1]Tables!$C$16=[1]Tables!$CF$4, SUMIFS(INDIRECT('[1]RA Output'!BX$1), rng_out_mail_ind, $B22, rng_out_sel_sp_ind, $D22, rng_out_sel_excl_ind,$F22,rng_out_sel_excl_yr_ind, ""), 0)} -> #REF! | M22: {=SUMIFS(INDIRECT('[1]RA Output'!BY$1), rng_out_mail_ind, $B22, rng_out_sel_sp_ind, $D22, rng_out_sel_excl_ind,$E22) + SUMIFS(INDIRECT('[1]RA Output'!BY$1), rng_out_mail_ind, $B22, rng_out_sel_sp_ind, $D22, rng_out_sel_excl_ind,$F22, rng_out_sel_excl_yr_ind, ">0") + IF([1]Tables!$C$16=[1]Tables!$CF$4, SUMIFS(INDIRECT('[1]RA Output'!BY$1), rng_out_mail_ind, $B22, rng_out_sel_sp_ind, $D22, rng_out_sel_excl_ind,$F22,rng_out_sel_excl_yr_ind, ""), 0)} -> #REF! | N22: =IFERROR(I22/N$60, 0) -> 0 | O22: =IFERROR(J22/O$60, 0) -> 0 | P22: =IFERROR(K22/P$60, 0) -> 0 | Q22: =IFERROR(L22/Q$60, 0) -> 0 | R22: =IFERROR(M22/R$60, 0) -> 0 | S22: =IFERROR(I22/S$60, 0) -> 0 | T22: =IFERROR(J22/T$60, 0) -> 0 | U22: =IFERROR(K22/U$60, 0) -> 0 | V22: =IFERROR(L22/V$60, 0) -> 0 | W22: =IFERROR(M22/W$60, 0) -> 0 | Y22: Mail | Z22: =IFERROR(I22/[1]Tables!$AT$4, 0) -> 0 | AA22: =IFERROR(J22/[1]Tables!$AT$4, 0) -> 0 | AB22: =IFERROR(K22/[1]Tables!$AT$4, 0) -> 0 | AC22: =IFERROR(L22/[1]Tables!$AT$4, 0) -> 0 | AD22: =IFERROR(M22/[1]Tables!$AT$4, 0) -> 0 | AE22: =IFERROR(N22/[1]Tables!$AT$4, 0) -> 0 | AF22: =IFERROR(O22/[1]Tables!$AT$4, 0) -> 0 | AG22: =IFERROR(P22/[1]Tables!$AT$4, 0) -> 0 | ... AN22: =IFERROR(W22/[1]Tables!$AT$4, 0) -> 0 | AP22: Mail | AQ22: {=(SUMIFS(INDIRECT('[1]RA Output'!CU$1), rng_out_mail_ind, $B22, rng_out_sel_sp_ind, $D22, rng_out_sel_excl_ind,$E22) + SUMIFS(INDIRECT('[1]RA Output'!CU$1), rng_out_mail_ind, $B22, rng_out_sel_sp_ind, $D22, rng_out_sel_excl_ind,$F22, rng_out_sel_excl_yr_ind, ">0") + IF([1]Tables!$C$16=[1]Tables!$CF$4, SUMIFS(INDIRECT('[1]RA Output'!CU$1), rng_out_mail_ind, $B22, rng_out_sel_sp_ind, $D22, rng_out_sel_excl_ind,$F22,rng_out_sel_excl_yr_ind, ""), 0))/[1]Tables!$AT$4} -> #REF! | AR22: {=(SUMIFS(INDIRECT('[1]RA Output'!CV$1), rng_out_mail_ind, $B22, rng_out_sel_sp_ind, $D22, rng_out_sel_excl_ind,$E22) + SUMIFS(INDIRECT('[1]RA Output'!CV$1), rng_out_mail_ind, $B22, rng_out_sel_sp_ind, $D22, rng_out_sel_excl_ind,$F22, rng_out_sel_excl_yr_ind, ">0") + IF([1]Tables!$C$16=[1]Tables!$CF$4, SUMIFS(INDIRECT('[1]RA Output'!CV$1), rng_out_mail_ind, $B22, rng_out_sel_sp_ind, $D22, rng_out_sel_excl_ind,$F22,rng_out_sel_excl_yr_ind, ""), 0))/[1]Tables!$AT$4} -> #REF! | AS22: {=(SUMIFS(INDIRECT('[1]RA Output'!CW$1), rng_out_mail_ind, $B22, rng_out_sel_sp_ind, $D22, rng_out_sel_excl_ind,$E22) + SUMIFS(INDIRECT('[1]RA Output'!CW$1), rng_out_mail_ind, $B22, rng_out_sel_sp_ind, $D22, rng_out_sel_excl_ind,$F22, rng_out_sel_excl_yr_ind, ">0") + IF([1]Tables!$C$16=[1]Tables!$CF$4, SUMIFS(INDIRECT('[1]RA Output'!CW$1), rng_out_mail_ind, $B22, rng_out_sel_sp_ind, $D22, rng_out_sel_excl_ind,$F22,rng_out_sel_excl_yr_ind, ""), 0))/[1]Tables!$AT$4} -> #REF! | AT22: {=(SUMIFS(INDIRECT('[1]RA Output'!CX$1), rng_out_mail_ind, $B22, rng_out_sel_sp_ind, $D22, rng_out_sel_excl_ind,$E22) + SUMIFS(INDIRECT('[1]RA Output'!CX$1), rng_out_mail_ind, $B22, rng_out_sel_sp_ind, $D22, rng_out_sel_excl_ind,$F22, rng_out_sel_excl_yr_ind, ">0") + IF([1]Tables!$C$16=[1]Tables!$CF$4, SUMIFS(INDIRECT('[1]RA Output'!CX$1), rng_out_mail_ind, $B22, rng_out_sel_sp_ind, $D22, rng_out_sel_excl_ind,$F22,rng_out_sel_excl_yr_ind, ""), 0))/[1]Tables!$AT$4} -> #REF! | AU22: {=(SUMIFS(INDIRECT('[1]RA Output'!CY$1), rng_out_mail_ind, $B22, rng_out_sel_sp_ind, $D22, rng_out_sel_excl_ind,$E22) + SUMIFS(INDIRECT('[1]RA Output'!CY$1), rng_out_mail_ind, $B22, rng_out_sel_sp_ind, $D22, rng_out_sel_excl_ind,$F22, rng_out_sel_excl_yr_ind, ">0") + IF([1]Tables!$C$16=[1]Tables!$CF$4, SUMIFS(INDIRECT('[1]RA Output'!CY$1), rng_out_mail_ind, $B22, rng_out_sel_sp_ind, $D22, rng_out_sel_excl_ind,$F22,rng_out_sel_excl_yr_ind, ""), 0))/[1]Tables!$AT$4} -> #REF! | AV22: =IFERROR(AQ22/AV$60, 0) -> 0 | AW22: =IFERROR(AR22/AW$60, 0) -> 0 | AX22: =IFERROR(AS22/AX$60, 0) -> 0 | AY22: =IFERROR(AT22/AY$60, 0) -> 0 | AZ22: =IFERROR(AU22/AZ$60, 0) -> 0 | BA22: =IFERROR(AQ22/BA$60, 0) -> 0 | BB22: =IFERROR(AR22/BB$60, 0) -> 0 | BC22: =IFERROR(AS22/BC$60, 0) -> 0 | BD22: =IFERROR(AT22/BD$60, 0) -> 0 | BE22: =IFERROR(AU22/BE$60, 0) -> 0 | BG22: Mail | BH22: =AQ22 -> #REF! | BI22: =AR22 -> #REF! | BJ22: =AS22 -> #REF! | BK22: =AT22 -> #REF! | BL22: =AU22 -> #REF! | BM22: =IFERROR(BH22/BM$60, 0) -> 0 | BN22: =IFERROR(BI22/BN$60, 0) -> 0 | BO22: =IFERROR(BJ22/BO$60, 0) -> 0 | BP22: =IFERROR(BK22/BP$60, 0) -> 0 | BQ22: =IFERROR(BL22/BQ$60, 0) -> 0 | BR22: =IFERROR(BH22/BR$60, 0) -> 0 | BS22: =IFERROR(BI22/BS$60, 0) -> 0 | BT22: =IFERROR(BJ22/BT$60, 0) -> 0 | BU22: =IFERROR(BK22/BU$60, 0) -> 0 | BV22: =IFERROR(BL22/BV$60, 0) -> 0 | BX22: Mail | BY22: =CD22*CD60 -> #VALUE! | BZ22: =CE22*CE60 -> #VALUE! | CA22: =CF22*CF60 -> #VALUE! | CB22: =CG22*CG60 -> #VALUE! | CC22: =CH22*CH60 -> #VALUE! | CD22: =BM22-DC22 -> 0 | CE22: =BN22-DD22 -> 0 | CF22: =BO22-DE22 -> 0 | CG22: =BP22-DF22 -> 0 | CH22: =BQ22-DG22 -> 0 | CI22: =IFERROR(BY22/CI60, 0) -> 0 | CJ22: =IFERROR(BZ22/CJ60, 0) -> 0 | CK22: =IFERROR(CA22/CK60, 0) -> 0 | CL22: =IFERROR(CB22/CL60, 0) -> 0 | CM22: =IFERROR(CC22/CM60, 0) -> 0 | DC22: {=IFERROR(BM22-BM22*BR69*(1-INDEX([1]Tables!$EA$4:$EE$60,MATCH([1]Tables!$C$22&$BX22,[1]Tables!$EA$4:$EA$60,0),[1]Tables!$EE$1))*(1-DI22)/CD60, 0)} -> 0 | DD22: {=IFERROR(BN22-BN22*BS69*(1-INDEX([1]Tables!$EA$4:$EE$60,MATCH([1]Tables!$C$22&$BX22,[1]Tables!$EA$4:$EA$60,0),[1]Tables!$EE$1))*(1-DJ22)/CE60, 0)} -> 0 | DE22: {=IFERROR(BO22-BO22*BT69*(1-INDEX([1]Tables!$EA$4:$EE$60,MATCH([1]Tables!$C$22&$BX22,[1]Tables!$EA$4:$EA$60,0),[1]Tables!$EE$1))*(1-DK22)/CF60, 0)} -> 0 | DF22: {=IFERROR(BP22-BP22*BU69*(1-INDEX([1]Tables!$EA$4:$EE$60,MATCH([1]Tables!$C$22&$BX22,[1]Tables!$EA$4:$EA$60,0),[1]Tables!$EE$1))*(1-DL22)/CG60, 0)} -> 0 | DG22: {=IFERROR(BQ22-BQ22*BV69*(1-INDEX([1]Tables!$EA$4:$EE$60,MATCH([1]Tables!$C$22&$BX22,[1]Tables!$EA$4:$EA$60,0),[1]Tables!$EE$1))*(1-DM22)/CH60, 0)} -> 0 | DI22: {=IFERROR(((SUMPRODUCT((rng_out_mail_ind = $B22) * (rng_out_sel_sp_ind = $D22) * (rng_out_sel_excl_ind = $E22) * (rng_out_maf_post_yr1*rng_out_340B)) + IF([1]Tables!$C$16=[1]Tables!$CF$4, SUMPRODUCT((rng_out_mail_ind = $B22) * (rng_out_sel_sp_ind = $D22) * (rng_out_sel_excl_ind = $F22) * (rng_out_maf_post_yr1*rng_out_340B)), 0))/[1]Tables!$AT$4)/AQ22, 0)} -> 0 | DJ22: {=IFERROR(((SUMPRODUCT((rng_out_mail_ind = $B22) * (rng_out_sel_sp_ind = $D22) * (rng_out_sel_excl_ind = $E22) * (rng_out_maf_post_yr2*rng_out_340B)) + IF([1]Tables!$C$16=[1]Tables!$CF$4, SUMPRODUCT((rng_out_mail_ind = $B22) * (rng_out_sel_sp_ind = $D22) * (rng_out_sel_excl_ind = $F22) * (rng_out_maf_post_yr2*rng_out_340B)), 0))/[1]Tables!$AT$4)/AR22, 0)} -> 0 | DK22: {=IFERROR(((SUMPRODUCT((rng_out_mail_ind = $B22) * (rng_out_sel_sp_ind = $D22) * (rng_out_sel_excl_ind = $E22) * (rng_out_maf_post_yr3*rng_out_340B)) + IF([1]Tables!$C$16=[1]Tables!$CF$4, SUMPRODUCT((rng_out_mail_ind = $B22) * (rng_out_sel_sp_ind = $D22) * (rng_out_sel_excl_ind = $F22) * (rng_out_maf_post_yr3*rng_out_340B)), 0))/[1]Tables!$AT$4)/AS22, 0)} -> 0 | DL22: {=IFERROR(((SUMPRODUCT((rng_out_mail_ind = $B22) * (rng_out_sel_sp_ind = $D22) * (rng_out_sel_excl_ind = $E22) * (rng_out_maf_post_yr4*rng_out_340B)) + IF([1]Tables!$C$16=[1]Tables!$CF$4, SUMPRODUCT((rng_out_mail_ind = $B22) * (rng_out_sel_sp_ind = $D22) * (rng_out_sel_excl_ind = $F22) * (rng_out_maf_post_yr4*rng_out_340B)), 0))/[1]Tables!$AT$4)/AT22, 0)} -> 0 | DM22: {=IFERROR(((SUMPRODUCT((rng_out_mail_ind = $B22) * (rng_out_sel_sp_ind = $D22) * (rng_out_sel_excl_ind = $E22) * (rng_out_maf_post_yr5*rng_out_340B)) + IF([1]Tables!$C$16=[1]Tables!$CF$4, SUMPRODUCT((rng_out_mail_ind = $B22) * (rng_out_sel_sp_ind = $D22) * (rng_out_sel_excl_ind = $F22) * (rng_out_maf_post_yr5*rng_out_340B)), 0))/[1]Tables!$AT$4)/AU22, 0)} -> 0
D23: Y | E23: N | F23: Y | H23: Specialty | I23: {=SUMIFS(INDIRECT('[1]RA Output'!BU$1), rng_out_sel_sp_ind, $D23, rng_out_sel_excl_ind,$E23) + SUMIFS(INDIRECT('[1]RA Output'!BU$1), rng_out_sel_sp_ind, $D23, rng_out_sel_excl_ind,$F23, rng_out_sel_excl_yr_ind, ">0") + IF([1]Tables!$C$16=[1]Tables!$CF$4, SUMIFS(INDIRECT('[1]RA Output'!BU$1), rng_out_sel_sp_ind, $D23, rng_out_sel_excl_ind,$F23, rng_out_sel_excl_yr_ind, ""), 0)} -> #REF! | J23: {=SUMIFS(INDIRECT('[1]RA Output'!BV$1), rng_out_sel_sp_ind, $D23, rng_out_sel_excl_ind,$E23) + SUMIFS(INDIRECT('[1]RA Output'!BV$1), rng_out_sel_sp_ind, $D23, rng_out_sel_excl_ind,$F23, rng_out_sel_excl_yr_ind, ">0") + IF([1]Tables!$C$16=[1]Tables!$CF$4, SUMIFS(INDIRECT('[1]RA Output'!BV$1), rng_out_sel_sp_ind, $D23, rng_out_sel_excl_ind,$F23, rng_out_sel_excl_yr_ind, ""), 0)} -> #REF! | K23: {=SUMIFS(INDIRECT('[1]RA Output'!BW$1), rng_out_sel_sp_ind, $D23, rng_out_sel_excl_ind,$E23) + SUMIFS(INDIRECT('[1]RA Output'!BW$1), rng_out_sel_sp_ind, $D23, rng_out_sel_excl_ind,$F23, rng_out_sel_excl_yr_ind, ">0") + IF([1]Tables!$C$16=[1]Tables!$CF$4, SUMIFS(INDIRECT('[1]RA Output'!BW$1), rng_out_sel_sp_ind, $D23, rng_out_sel_excl_ind,$F23, rng_out_sel_excl_yr_ind, ""), 0)} -> #REF! | L23: {=SUMIFS(INDIRECT('[1]RA Output'!BX$1), rng_out_sel_sp_ind, $D23, rng_out_sel_excl_ind,$E23) + SUMIFS(INDIRECT('[1]RA Output'!BX$1), rng_out_sel_sp_ind, $D23, rng_out_sel_excl_ind,$F23, rng_out_sel_excl_yr_ind, ">0") + IF([1]Tables!$C$16=[1]Tables!$CF$4, SUMIFS(INDIRECT('[1]RA Output'!BX$1), rng_out_sel_sp_ind, $D23, rng_out_sel_excl_ind,$F23, rng_out_sel_excl_yr_ind, ""), 0)} -> #REF! | M23: {=SUMIFS(INDIRECT('[1]RA Output'!BY$1), rng_out_sel_sp_ind, $D23, rng_out_sel_excl_ind,$E23) + SUMIFS(INDIRECT('[1]RA Output'!BY$1), rng_out_sel_sp_ind, $D23, rng_out_sel_excl_ind,$F23, rng_out_sel_excl_yr_ind, ">0") + IF([1]Tables!$C$16=[1]Tables!$CF$4, SUMIFS(INDIRECT('[1]RA Output'!BY$1), rng_out_sel_sp_ind, $D23, rng_out_sel_excl_ind,$F23, rng_out_sel_excl_yr_ind, ""), 0)} -> #REF! | N23: =IFERROR(I23/N$61, 0) -> 0 | O23: =IFERROR(J23/O$61, 0) -> 0 | P23: =IFERROR(K23/P$61, 0) -> 0 | Q23: =IFERROR(L23/Q$61, 0) -> 0 | R23: =IFERROR(M23/R$61, 0) -> 0 | S23: =IFERROR(I23/S$61, 0) -> 0 | T23: =IFERROR(J23/T$61, 0) -> 0 | U23: =IFERROR(K23/U$61, 0) -> 0 | V23: =IFERROR(L23/V$61, 0) -> 0 | W23: =IFERROR(M23/W$61, 0) -> 0 | Y23: Specialty | Z23: =IFERROR(I23/[1]Tables!$AT$4, 0) -> 0 | AA23: =IFERROR(J23/[1]Tables!$AT$4, 0) -> 0 | AB23: =IFERROR(K23/[1]Tables!$AT$4, 0) -> 0 | AC23: =IFERROR(L23/[1]Tables!$AT$4, 0) -> 0 | AD23: =IFERROR(M23/[1]Tables!$AT$4, 0) -> 0 | AE23: =IFERROR(N23/[1]Tables!$AT$4, 0) -> 0 | AF23: =IFERROR(O23/[1]Tables!$AT$4, 0) -> 0 | AG23: =IFERROR(P23/[1]Tables!$AT$4, 0) -> 0 | ... AN23: =IFERROR(W23/[1]Tables!$AT$4, 0) -> 0 | AP23: Specialty | AQ23: {=(SUMIFS(INDIRECT('[1]RA Output'!CU$1), rng_out_sel_sp_ind, $D23, rng_out_sel_excl_ind,$E23) + SUMIFS(INDIRECT('[1]RA Output'!CU$1), rng_out_sel_sp_ind, $D23, rng_out_sel_excl_ind,$F23, rng_out_sel_excl_yr_ind, ">0") + IF([1]Tables!$C$16=[1]Tables!$CF$4, SUMIFS(INDIRECT('[1]RA Output'!CU$1), rng_out_sel_sp_ind, $D23, rng_out_sel_excl_ind,$F23, rng_out_sel_excl_yr_ind, ""), 0))/[1]Tables!$AT$4} -> #REF! | AR23: {=(SUMIFS(INDIRECT('[1]RA Output'!CV$1), rng_out_sel_sp_ind, $D23, rng_out_sel_excl_ind,$E23) + SUMIFS(INDIRECT('[1]RA Output'!CV$1), rng_out_sel_sp_ind, $D23, rng_out_sel_excl_ind,$F23, rng_out_sel_excl_yr_ind, ">0") + IF([1]Tables!$C$16=[1]Tables!$CF$4, SUMIFS(INDIRECT('[1]RA Output'!CV$1), rng_out_sel_sp_ind, $D23, rng_out_sel_excl_ind,$F23, rng_out_sel_excl_yr_ind, ""), 0))/[1]Tables!$AT$4} -> #REF! | AS23: {=(SUMIFS(INDIRECT('[1]RA Output'!CW$1), rng_out_sel_sp_ind, $D23, rng_out_sel_excl_ind,$E23) + SUMIFS(INDIRECT('[1]RA Output'!CW$1), rng_out_sel_sp_ind, $D23, rng_out_sel_excl_ind,$F23, rng_out_sel_excl_yr_ind, ">0") + IF([1]Tables!$C$16=[1]Tables!$CF$4, SUMIFS(INDIRECT('[1]RA Output'!CW$1), rng_out_sel_sp_ind, $D23, rng_out_sel_excl_ind,$F23, rng_out_sel_excl_yr_ind, ""), 0))/[1]Tables!$AT$4} -> #REF! | AT23: {=(SUMIFS(INDIRECT('[1]RA Output'!CX$1), rng_out_sel_sp_ind, $D23, rng_out_sel_excl_ind,$E23) + SUMIFS(INDIRECT('[1]RA Output'!CX$1), rng_out_sel_sp_ind, $D23, rng_out_sel_excl_ind,$F23, rng_out_sel_excl_yr_ind, ">0") + IF([1]Tables!$C$16=[1]Tables!$CF$4, SUMIFS(INDIRECT('[1]RA Output'!CX$1), rng_out_sel_sp_ind, $D23, rng_out_sel_excl_ind,$F23, rng_out_sel_excl_yr_ind, ""), 0))/[1]Tables!$AT$4} -> #REF! | AU23: {=(SUMIFS(INDIRECT('[1]RA Output'!CY$1), rng_out_sel_sp_ind, $D23, rng_out_sel_excl_ind,$E23) + SUMIFS(INDIRECT('[1]RA Output'!CY$1), rng_out_sel_sp_ind, $D23, rng_out_sel_excl_ind,$F23, rng_out_sel_excl_yr_ind, ">0") + IF([1]Tables!$C$16=[1]Tables!$CF$4, SUMIFS(INDIRECT('[1]RA Output'!CY$1), rng_out_sel_sp_ind, $D23, rng_out_sel_excl_ind,$F23, rng_out_sel_excl_yr_ind, ""), 0))/[1]Tables!$AT$4} -> #REF! | AV23: =IFERROR(AQ23/AV$61, 0) -> 0 | AW23: =IFERROR(AR23/AW$61, 0) -> 0 | AX23: =IFERROR(AS23/AX$61, 0) -> 0 | AY23: =IFERROR(AT23/AY$61, 0) -> 0 | AZ23: =IFERROR(AU23/AZ$61, 0) -> 0 | BA23: =IFERROR(AQ23/BA$61, 0) -> 0 | BB23: =IFERROR(AR23/BB$61, 0) -> 0 | BC23: =IFERROR(AS23/BC$61, 0) -> 0 | BD23: =IFERROR(AT23/BD$61, 0) -> 0 | BE23: =IFERROR(AU23/BE$61, 0) -> 0 | BG23: Specialty | BH23: =AQ23 -> #REF! | BI23: =AR23 -> #REF! | BJ23: =AS23 -> #REF! | BK23: =AT23 -> #REF! | BL23: =AU23 -> #REF! | BM23: =IFERROR(BH23/BM$61, 0) -> 0 | BN23: =IFERROR(BI23/BN$61, 0) -> 0 | BO23: =IFERROR(BJ23/BO$61, 0) -> 0 | BP23: =IFERROR(BK23/BP$61, 0) -> 0 | BQ23: =IFERROR(BL23/BQ$61, 0) -> 0 | BR23: =IFERROR(BH23/BR$61, 0) -> 0 | BS23: =IFERROR(BI23/BS$61, 0) -> 0 | BT23: =IFERROR(BJ23/BT$61, 0) -> 0 | BU23: =IFERROR(BK23/BU$61, 0) -> 0 | BV23: =IFERROR(BL23/BV$61, 0) -> 0 | BX23: Specialty | BY23: =CD23*CD61 -> #VALUE! | BZ23: =CE23*CE61 -> #VALUE! | CA23: =CF23*CF61 -> #VALUE! | CB23: =CG23*CG61 -> #VALUE! | CC23: =CH23*CH61 -> #VALUE! | CD23: =BM23-DC23 -> 0 | CE23: =BN23-DD23 -> 0 | CF23: =BO23-DE23 -> 0 | CG23: =BP23-DF23 -> 0 | CH23: =BQ23-DG23 -> 0 | CI23: =IFERROR(BY23/CI61, 0) -> 0 | CJ23: =IFERROR(BZ23/CJ61, 0) -> 0 | CK23: =IFERROR(CA23/CK61, 0) -> 0 | CL23: =IFERROR(CB23/CL61, 0) -> 0 | CM23: =IFERROR(CC23/CM61, 0) -> 0 | DC23: {=IFERROR(BM23-BM23*BR70*(1-INDEX([1]Tables!$EA$4:$EE$60,MATCH([1]Tables!$C$22&$BX23,[1]Tables!$EA$4:$EA$60,0),[1]Tables!$EE$1))*(1-DI23)/CD61, 0)} -> 0 | DD23: {=IFERROR(BN23-BN23*BS70*(1-INDEX([1]Tables!$EA$4:$EE$60,MATCH([1]Tables!$C$22&$BX23,[1]Tables!$EA$4:$EA$60,0),[1]Tables!$EE$1))*(1-DJ23)/CE61, 0)} -> 0 | DE23: {=IFERROR(BO23-BO23*BT70*(1-INDEX([1]Tables!$EA$4:$EE$60,MATCH([1]Tables!$C$22&$BX23,[1]Tables!$EA$4:$EA$60,0),[1]Tables!$EE$1))*(1-DK23)/CF61, 0)} -> 0 | DF23: {=IFERROR(BP23-BP23*BU70*(1-INDEX([1]Tables!$EA$4:$EE$60,MATCH([1]Tables!$C$22&$BX23,[1]Tables!$EA$4:$EA$60,0),[1]Tables!$EE$1))*(1-DL23)/CG61, 0)} -> 0 | DG23: {=IFERROR(BQ23-BQ23*BV70*(1-INDEX([1]Tables!$EA$4:$EE$60,MATCH([1]Tables!$C$22&$BX23,[1]Tables!$EA$4:$EA$60,0),[1]Tables!$EE$1))*(1-DM23)/CH61, 0)} -> 0 | DI23: {=IFERROR(((SUMPRODUCT((rng_out_sel_sp_ind = $D23) * (rng_out_sel_excl_ind = $E23) * (rng_out_maf_post_yr1*rng_out_340B)) + IF([1]Tables!$C$16=[1]Tables!$CF$4, SUMPRODUCT((rng_out_sel_sp_ind = $D23) * (rng_out_sel_excl_ind = $F23) * (rng_out_maf_post_yr1*rng_out_340B)), 0))/[1]Tables!$AT$4)/AQ23, 0)} -> 0 | DJ23: {=IFERROR(((SUMPRODUCT((rng_out_sel_sp_ind = $D23) * (rng_out_sel_excl_ind = $E23) * (rng_out_maf_post_yr2*rng_out_340B)) + IF([1]Tables!$C$16=[1]Tables!$CF$4, SUMPRODUCT((rng_out_sel_sp_ind = $D23) * (rng_out_sel_excl_ind = $F23) * (rng_out_maf_post_yr2*rng_out_340B)), 0))/[1]Tables!$AT$4)/AR23, 0)} -> 0 | DK23: {=IFERROR(((SUMPRODUCT((rng_out_sel_sp_ind = $D23) * (rng_out_sel_excl_ind = $E23) * (rng_out_maf_post_yr3*rng_out_340B)) + IF([1]Tables!$C$16=[1]Tables!$CF$4, SUMPRODUCT((rng_out_sel_sp_ind = $D23) * (rng_out_sel_excl_ind = $F23) * (rng_out_maf_post_yr3*rng_out_340B)), 0))/[1]Tables!$AT$4)/AS23, 0)} -> 0 | DL23: {=IFERROR(((SUMPRODUCT((rng_out_sel_sp_ind = $D23) * (rng_out_sel_excl_ind = $E23) * (rng_out_maf_post_yr4*rng_out_340B)) + IF([1]Tables!$C$16=[1]Tables!$CF$4, SUMPRODUCT((rng_out_sel_sp_ind = $D23) * (rng_out_sel_excl_ind = $F23) * (rng_out_maf_post_yr4*rng_out_340B)), 0))/[1]Tables!$AT$4)/AT23, 0)} -> 0 | DM23: {=IFERROR(((SUMPRODUCT((rng_out_sel_sp_ind = $D23) * (rng_out_sel_excl_ind = $E23) * (rng_out_maf_post_yr5*rng_out_340B)) + IF([1]Tables!$C$16=[1]Tables!$CF$4, SUMPRODUCT((rng_out_sel_sp_ind = $D23) * (rng_out_sel_excl_ind = $F23) * (rng_out_maf_post_yr5*rng_out_340B)), 0))/[1]Tables!$AT$4)/AU23, 0)} -> 0
H24: Total | I24: =SUM(I20:I23) -> #REF! | J24: =SUM(J20:J23) -> #REF! | K24: =SUM(K20:K23) -> #REF! | L24: =SUM(L20:L23) -> #REF! | M24: =SUM(M20:M23) -> #REF! | N24: =IFERROR(I24/N$62, 0) -> 0 | O24: =IFERROR(J24/O$62, 0) -> 0 | P24: =IFERROR(K24/P$62, 0) -> 0 | Q24: =IFERROR(L24/Q$62, 0) -> 0 | R24: =IFERROR(M24/R$62, 0) -> 0 | S24: =IFERROR(I24/S$62, 0) -> 0 | T24: =IFERROR(J24/T$62, 0) -> 0 | U24: =IFERROR(K24/U$62, 0) -> 0 | V24: =IFERROR(L24/V$62, 0) -> 0 | W24: =IFERROR(M24/W$62, 0) -> 0 | Y24: Total | Z24: =SUM(Z20:Z23) -> 0 | AA24: =SUM(AA20:AA23) -> 0 | AB24: =SUM(AB20:AB23) -> 0 | AC24: =SUM(AC20:AC23) -> 0 | AD24: =SUM(AD20:AD23) -> 0 | AE24: =IFERROR(N24/[1]Tables!$AT$4, 0) -> 0 | AF24: =IFERROR(O24/[1]Tables!$AT$4, 0) -> 0 | AG24: =IFERROR(P24/[1]Tables!$AT$4, 0) -> 0 | AH24: =IFERROR(Q24/[1]Tables!$AT$4, 0) -> 0 | AI24: =IFERROR(R24/[1]Tables!$AT$4, 0) -> 0 | AJ24: =IFERROR(S24/[1]Tables!$AT$4, 0) -> 0 | AK24: =IFERROR(T24/[1]Tables!$AT$4, 0) -> 0 | AL24: =IFERROR(U24/[1]Tables!$AT$4, 0) -> 0 | ... AN24: =IFERROR(W24/[1]Tables!$AT$4, 0) -> 0 | AP24: Total | AQ24: =SUM(AQ20:AQ23) -> #REF! | AR24: =SUM(AR20:AR23) -> #REF! | AS24: =SUM(AS20:AS23) -> #REF! | AT24: =SUM(AT20:AT23) -> #REF! | AU24: =SUM(AU20:AU23) -> #REF! | AV24: =IFERROR(AQ24/AV$62, 0) -> 0 | AW24: =IFERROR(AR24/AW$62, 0) -> 0 | AX24: =IFERROR(AS24/AX$62, 0) -> 0 | AY24: =IFERROR(AT24/AY$62, 0) -> 0 | AZ24: =IFERROR(AU24/AZ$62, 0) -> 0 | BA24: =IFERROR(AQ24/BA$62, 0) -> 0 | BB24: =IFERROR(AR24/BB$62, 0) -> 0 | BC24: =IFERROR(AS24/BC$62, 0) -> 0 | BD24: =IFERROR(AT24/BD$62, 0) -> 0 | BE24: =IFERROR(AU24/BE$62, 0) -> 0 | BG24: Total | BH24: =SUM(BH20:BH23) -> #REF! | BI24: =SUM(BI20:BI23) -> #REF! | BJ24: =SUM(BJ20:BJ23) -> #REF! | BK24: =SUM(BK20:BK23) -> #REF! | BL24: =SUM(BL20:BL23) -> #REF! | BM24: =IFERROR(BH24/BM$62, 0) -> 0 | BN24: =IFERROR(BI24/BN$62, 0) -> 0 | BO24: =IFERROR(BJ24/BO$62, 0) -> 0 | BP24: =IFERROR(BK24/BP$62, 0) -> 0 | BQ24: =IFERROR(BL24/BQ$62, 0) -> 0 | BR24: =IFERROR(BH24/BR$62, 0) -> 0 | BS24: =IFERROR(BI24/BS$62, 0) -> 0 | BT24: =IFERROR(BJ24/BT$62, 0) -> 0 | BU24: =IFERROR(BK24/BU$62, 0) -> 0 | BV24: =IFERROR(BL24/BV$62, 0) -> 0 | BX24: Total | BY24: =SUM(BY20:BY23) -> #VALUE! | BZ24: =SUM(BZ20:BZ23) -> #VALUE! | CA24: =SUM(CA20:CA23) -> #VALUE! | CB24: =SUM(CB20:CB23) -> #VALUE! | CC24: =SUM(CC20:CC23) -> #VALUE! | CD24: =IFERROR(BY24/CD62, 0) -> 0 | CE24: =IFERROR(BZ24/CE62, 0) -> 0 | CF24: =IFERROR(CA24/CF62, 0) -> 0 | CG24: =IFERROR(CB24/CG62, 0) -> 0 | CH24: =IFERROR(CC24/CH62, 0) -> 0 | CI24: =IFERROR(BY24/CI62, 0) -> 0 | CJ24: =IFERROR(BZ24/CJ62, 0) -> 0 | CK24: =IFERROR(CA24/CK62, 0) -> 0 | CL24: =IFERROR(CB24/CL62, 0) -> 0 | CM24: =IFERROR(CC24/CM62, 0) -> 0
I26: PPL | Z26: PPL | AQ26: PPL | BH26: PPL | BY26: PPL | DC26: PPL | DI26: PPL
I27: Total $ | N27: Per Brand Script | S27: Per Total Script | Z27: Total $ | AE27: Per Brand Script | AJ27: Per Total Script | AQ27: Total $ | AV27: Per Brand Script | BA27: Per Total Script | BH27: Total $ | BM27: Per Brand Script | BR27: Per Total Script | BY27: Total $ | CD27: Per Brand Script | CI27: Per Total Script | DC27: Rejection Rate Adj | DI27: 340B Rejection Rate
I28: =[1]Tables!$AA$4 -> 07/27 - 06/28 | J28: =[1]Tables!$AA$5 -> 07/28 - 06/29 | K28: =[1]Tables!$AA$6 -> 07/29 - 06/30 | L28: =[1]Tables!$AA$7 -> 07/30 - 06/31 | M28: =[1]Tables!$AA$8 -> 07/31 - 06/32 | N28: =[1]Tables!$AA$4 -> 07/27 - 06/28 | O28: =[1]Tables!$AA$5 -> 07/28 - 06/29 | P28: =[1]Tables!$AA$6 -> 07/29 - 06/30 | Q28: =[1]Tables!$AA$7 -> 07/30 - 06/31 | R28: =[1]Tables!$AA$8 -> 07/31 - 06/32 | S28: =[1]Tables!$AA$4 -> 07/27 - 06/28 | T28: =[1]Tables!$AA$5 -> 07/28 - 06/29 | U28: =[1]Tables!$AA$6 -> 07/29 - 06/30 | V28: =[1]Tables!$AA$7 -> 07/30 - 06/31 | W28: =[1]Tables!$AA$8 -> 07/31 - 06/32 | Z28: =[1]Tables!$AA$4 -> 07/27 - 06/28 | AA28: =[1]Tables!$AA$5 -> 07/28 - 06/29 | AB28: =[1]Tables!$AA$6 -> 07/29 - 06/30 | AC28: =[1]Tables!$AA$7 -> 07/30 - 06/31 | AD28: =[1]Tables!$AA$8 -> 07/31 - 06/32 | AE28: =[1]Tables!$AA$4 -> 07/27 - 06/28 | AF28: =[1]Tables!$AA$5 -> 07/28 - 06/29 | AG28: =[1]Tables!$AA$6 -> 07/29 - 06/30 | AH28: =[1]Tables!$AA$7 -> 07/30 - 06/31 | AI28: =[1]Tables!$AA$8 -> 07/31 - 06/32 | AJ28: =[1]Tables!$AA$4 -> 07/27 - 06/28 | AK28: =[1]Tables!$AA$5 -> 07/28 - 06/29 | AL28: =[1]Tables!$AA$6 -> 07/29 - 06/30 | AM28: =[1]Tables!$AA$7 -> 07/30 - 06/31 | AN28: =[1]Tables!$AA$8 -> 07/31 - 06/32 | AQ28: =[1]Tables!$AA$4 -> 07/27 - 06/28 | AR28: =[1]Tables!$AA$5 -> 07/28 - 06/29 | AS28: =[1]Tables!$AA$6 -> 07/29 - 06/30 | AT28: =[1]Tables!$AA$7 -> 07/30 - 06/31 | AU28: =[1]Tables!$AA$8 -> 07/31 - 06/32 | AV28: =[1]Tables!$AA$4 -> 07/27 - 06/28 | AW28: =[1]Tables!$AA$5 -> 07/28 - 06/29 | AX28: =[1]Tables!$AA$6 -> 07/29 - 06/30 | AY28: =[1]Tables!$AA$7 -> 07/30 - 06/31 | AZ28: =[1]Tables!$AA$8 -> 07/31 - 06/32 | BA28: =[1]Tables!$AA$4 -> 07/27 - 06/28 | BB28: =[1]Tables!$AA$5 -> 07/28 - 06/29 | BC28: =[1]Tables!$AA$6 -> 07/29 - 06/30 | BD28: =[1]Tables!$AA$7 -> 07/30 - 06/31 | BE28: =[1]Tables!$AA$8 -> 07/31 - 06/32 | BH28: =[1]Tables!$AA$4 -> 07/27 - 06/28 | BI28: =[1]Tables!$AA$5 -> 07/28 - 06/29 | BJ28: =[1]Tables!$AA$6 -> 07/29 - 06/30 | BK28: =[1]Tables!$AA$7 -> 07/30 - 06/31 | BL28: =[1]Tables!$AA$8 -> 07/31 - 06/32 | BM28: =[1]Tables!$AA$4 -> 07/27 - 06/28 | BN28: =[1]Tables!$AA$5 -> 07/28 - 06/29 | BO28: =[1]Tables!$AA$6 -> 07/29 - 06/30 | BP28: =[1]Tables!$AA$7 -> 07/30 - 06/31 | BQ28: =[1]Tables!$AA$8 -> 07/31 - 06/32 | BR28: =[1]Tables!$AA$4 -> 07/27 - 06/28 | BS28: =[1]Tables!$AA$5 -> 07/28 - 06/29 | BT28: =[1]Tables!$AA$6 -> 07/29 - 06/30 | BU28: =[1]Tables!$AA$7 -> 07/30 - 06/31 | BV28: =[1]Tables!$AA$8 -> 07/31 - 06/32 | BY28: =[1]Tables!$AA$4 -> 07/27 - 06/28 | BZ28: =[1]Tables!$AA$5 -> 07/28 - 06/29 | CA28: =[1]Tables!$AA$6 -> 07/29 - 06/30 | CB28: =[1]Tables!$AA$7 -> 07/30 - 06/31 | CC28: =[1]Tables!$AA$8 -> 07/31 - 06/32 | CD28: =[1]Tables!$AA$4 -> 07/27 - 06/28 | CE28: =[1]Tables!$AA$5 -> 07/28 - 06/29 | CF28: =[1]Tables!$AA$6 -> 07/29 - 06/30 | CG28: =[1]Tables!$AA$7 -> 07/30 - 06/31 | CH28: =[1]Tables!$AA$8 -> 07/31 - 06/32 | CI28: =[1]Tables!$AA$4 -> 07/27 - 06/28 | CJ28: =[1]Tables!$AA$5 -> 07/28 - 06/29 | CK28: =[1]Tables!$AA$6 -> 07/29 - 06/30 | CL28: =[1]Tables!$AA$7 -> 07/30 - 06/31 | CM28: =[1]Tables!$AA$8 -> 07/31 - 06/32 | DC28: =[1]Tables!$AA$4 -> 07/27 - 06/28 | DD28: =[1]Tables!$AA$5 -> 07/28 - 06/29 | DE28: =[1]Tables!$AA$6 -> 07/29 - 06/30 | DF28: =[1]Tables!$AA$7 -> 07/30 - 06/31 | DG28: =[1]Tables!$AA$8 -> 07/31 - 06/32 | DI28: =[1]Tables!$AA$4 -> 07/27 - 06/28 | DJ28: =[1]Tables!$AA$5 -> 07/28 - 06/29 | DK28: =[1]Tables!$AA$6 -> 07/29 - 06/30 | DL28: =[1]Tables!$AA$7 -> 07/30 - 06/31 | DM28: =[1]Tables!$AA$8 -> 07/31 - 06/32
B29: R | C29: 30 | D29: N | E29: N | F29: Y | H29: Retail 30 | I29: {=SUMIFS(INDIRECT('[1]RA Output'!BZ$1), rng_out_mail_ind, $B29, rng_out_ds, $C29, rng_out_sel_sp_ind, $D29, rng_out_sel_excl_ind,$E29) + SUMIFS(INDIRECT('[1]RA Output'!BZ$1), rng_out_mail_ind, $B29, rng_out_ds, $C29, rng_out_sel_sp_ind, $D29, rng_out_sel_excl_ind,$F29, rng_out_sel_excl_yr_ind, ">0", rng_out_sel_excl_ind,$F29) + IF([1]Tables!$C$16=[1]Tables!$CF$4, SUMIFS(INDIRECT('[1]RA Output'!BZ$1), rng_out_mail_ind, $B29, rng_out_ds, $C29, rng_out_sel_sp_ind, $D29, rng_out_sel_excl_ind,$F29,rng_out_sel_excl_yr_ind, ""), 0)} -> #REF! | J29: {=SUMIFS(INDIRECT('[1]RA Output'!CA$1), rng_out_mail_ind, $B29, rng_out_ds, $C29, rng_out_sel_sp_ind, $D29, rng_out_sel_excl_ind,$E29) + SUMIFS(INDIRECT('[1]RA Output'!CA$1), rng_out_mail_ind, $B29, rng_out_ds, $C29, rng_out_sel_sp_ind, $D29, rng_out_sel_excl_ind,$F29, rng_out_sel_excl_yr_ind, ">0", rng_out_sel_excl_ind,$F29) + IF([1]Tables!$C$16=[1]Tables!$CF$4, SUMIFS(INDIRECT('[1]RA Output'!CA$1), rng_out_mail_ind, $B29, rng_out_ds, $C29, rng_out_sel_sp_ind, $D29, rng_out_sel_excl_ind,$F29,rng_out_sel_excl_yr_ind, ""), 0)} -> #REF! | K29: {=SUMIFS(INDIRECT('[1]RA Output'!CB$1), rng_out_mail_ind, $B29, rng_out_ds, $C29, rng_out_sel_sp_ind, $D29, rng_out_sel_excl_ind,$E29) + SUMIFS(INDIRECT('[1]RA Output'!CB$1), rng_out_mail_ind, $B29, rng_out_ds, $C29, rng_out_sel_sp_ind, $D29, rng_out_sel_excl_ind,$F29, rng_out_sel_excl_yr_ind, ">0", rng_out_sel_excl_ind,$F29) + IF([1]Tables!$C$16=[1]Tables!$CF$4, SUMIFS(INDIRECT('[1]RA Output'!CB$1), rng_out_mail_ind, $B29, rng_out_ds, $C29, rng_out_sel_sp_ind, $D29, rng_out_sel_excl_ind,$F29,rng_out_sel_excl_yr_ind, ""), 0)} -> #REF! | L29: {=SUMIFS(INDIRECT('[1]RA Output'!CC$1), rng_out_mail_ind, $B29, rng_out_ds, $C29, rng_out_sel_sp_ind, $D29, rng_out_sel_excl_ind,$E29) + SUMIFS(INDIRECT('[1]RA Output'!CC$1), rng_out_mail_ind, $B29, rng_out_ds, $C29, rng_out_sel_sp_ind, $D29, rng_out_sel_excl_ind,$F29, rng_out_sel_excl_yr_ind, ">0", rng_out_sel_excl_ind,$F29) + IF([1]Tables!$C$16=[1]Tables!$CF$4, SUMIFS(INDIRECT('[1]RA Output'!CC$1), rng_out_mail_ind, $B29, rng_out_ds, $C29, rng_out_sel_sp_ind, $D29, rng_out_sel_excl_ind,$F29,rng_out_sel_excl_yr_ind, ""), 0)} -> #REF! | M29: {=SUMIFS(INDIRECT('[1]RA Output'!CD$1), rng_out_mail_ind, $B29, rng_out_ds, $C29, rng_out_sel_sp_ind, $D29, rng_out_sel_excl_ind,$E29) + SUMIFS(INDIRECT('[1]RA Output'!CD$1), rng_out_mail_ind, $B29, rng_out_ds, $C29, rng_out_sel_sp_ind, $D29, rng_out_sel_excl_ind,$F29, rng_out_sel_excl_yr_ind, ">0", rng_out_sel_excl_ind,$F29) + IF([1]Tables!$C$16=[1]Tables!$CF$4, SUMIFS(INDIRECT('[1]RA Output'!CD$1), rng_out_mail_ind, $B29, rng_out_ds, $C29, rng_out_sel_sp_ind, $D29, rng_out_sel_excl_ind,$F29,rng_out_sel_excl_yr_ind, ""), 0)} -> #REF! | N29: =IFERROR(I29/N$58, 0) -> 0 | O29: =IFERROR(J29/O$58, 0) -> 0 | P29: =IFERROR(K29/P$58, 0) -> 0 | Q29: =IFERROR(L29/Q$58, 0) -> 0 | R29: =IFERROR(M29/R$58, 0) -> 0 | S29: =IFERROR(I29/S$58, 0) -> 0 | T29: =IFERROR(J29/T$58, 0) -> 0 | U29: =IFERROR(K29/U$58, 0) -> 0 | V29: =IFERROR(L29/V$58, 0) -> 0 | W29: =IFERROR(M29/W$58, 0) -> 0 | Y29: Retail 30 | Z29: =IFERROR(I29/[1]Tables!$AT$4, 0) -> 0 | AA29: =IFERROR(J29/[1]Tables!$AT$4, 0) -> 0 | AB29: =IFERROR(K29/[1]Tables!$AT$4, 0) -> 0 | AC29: =IFERROR(L29/[1]Tables!$AT$4, 0) -> 0 | AD29: =IFERROR(M29/[1]Tables!$AT$4, 0) -> 0 | AE29: =IFERROR(N29/[1]Tables!$AT$4, 0) -> 0 | AF29: =IFERROR(O29/[1]Tables!$AT$4, 0) -> 0 | AG29: =IFERROR(P29/[1]Tables!$AT$4, 0) -> 0 | ... AN29: =IFERROR(W29/[1]Tables!$AT$4, 0) -> 0 | AP29: Retail 30 | AQ29: {=(SUMIFS(INDIRECT('[1]RA Output'!CZ$1), rng_out_mail_ind, $B29, rng_out_ds, $C29, rng_out_sel_sp_ind, $D29, rng_out_sel_excl_ind,$E29) + SUMIFS(INDIRECT('[1]RA Output'!CZ$1), rng_out_mail_ind, $B29, rng_out_ds, $C29, rng_out_sel_sp_ind, $D29, rng_out_sel_excl_ind,$F29, rng_out_sel_excl_yr_ind, ">0", rng_out_sel_excl_ind,$F29) + IF([1]Tables!$C$16=[1]Tables!$CF$4, SUMIFS(INDIRECT('[1]RA Output'!CZ$1), rng_out_mail_ind, $B29, rng_out_ds, $C29, rng_out_sel_sp_ind, $D29, rng_out_sel_excl_ind,$F29,rng_out_sel_excl_yr_ind, ""), 0))/[1]Tables!$AT$4} -> #REF! | AR29: {=(SUMIFS(INDIRECT('[1]RA Output'!DA$1), rng_out_mail_ind, $B29, rng_out_ds, $C29, rng_out_sel_sp_ind, $D29, rng_out_sel_excl_ind,$E29) + SUMIFS(INDIRECT('[1]RA Output'!DA$1), rng_out_mail_ind, $B29, rng_out_ds, $C29, rng_out_sel_sp_ind, $D29, rng_out_sel_excl_ind,$F29, rng_out_sel_excl_yr_ind, ">0", rng_out_sel_excl_ind,$F29) + IF([1]Tables!$C$16=[1]Tables!$CF$4, SUMIFS(INDIRECT('[1]RA Output'!DA$1), rng_out_mail_ind, $B29, rng_out_ds, $C29, rng_out_sel_sp_ind, $D29, rng_out_sel_excl_ind,$F29,rng_out_sel_excl_yr_ind, ""), 0))/[1]Tables!$AT$4} -> #REF! | AS29: {=(SUMIFS(INDIRECT('[1]RA Output'!DB$1), rng_out_mail_ind, $B29, rng_out_ds, $C29, rng_out_sel_sp_ind, $D29, rng_out_sel_excl_ind,$E29) + SUMIFS(INDIRECT('[1]RA Output'!DB$1), rng_out_mail_ind, $B29, rng_out_ds, $C29, rng_out_sel_sp_ind, $D29, rng_out_sel_excl_ind,$F29, rng_out_sel_excl_yr_ind, ">0", rng_out_sel_excl_ind,$F29) + IF([1]Tables!$C$16=[1]Tables!$CF$4, SUMIFS(INDIRECT('[1]RA Output'!DB$1), rng_out_mail_ind, $B29, rng_out_ds, $C29, rng_out_sel_sp_ind, $D29, rng_out_sel_excl_ind,$F29,rng_out_sel_excl_yr_ind, ""), 0))/[1]Tables!$AT$4} -> #REF! | AT29: {=(SUMIFS(INDIRECT('[1]RA Output'!DC$1), rng_out_mail_ind, $B29, rng_out_ds, $C29, rng_out_sel_sp_ind, $D29, rng_out_sel_excl_ind,$E29) + SUMIFS(INDIRECT('[1]RA Output'!DC$1), rng_out_mail_ind, $B29, rng_out_ds, $C29, rng_out_sel_sp_ind, $D29, rng_out_sel_excl_ind,$F29, rng_out_sel_excl_yr_ind, ">0", rng_out_sel_excl_ind,$F29) + IF([1]Tables!$C$16=[1]Tables!$CF$4, SUMIFS(INDIRECT('[1]RA Output'!DC$1), rng_out_mail_ind, $B29, rng_out_ds, $C29, rng_out_sel_sp_ind, $D29, rng_out_sel_excl_ind,$F29,rng_out_sel_excl_yr_ind, ""), 0))/[1]Tables!$AT$4} -> #REF! | AU29: {=(SUMIFS(INDIRECT('[1]RA Output'!DD$1), rng_out_mail_ind, $B29, rng_out_ds, $C29, rng_out_sel_sp_ind, $D29, rng_out_sel_excl_ind,$E29) + SUMIFS(INDIRECT('[1]RA Output'!DD$1), rng_out_mail_ind, $B29, rng_out_ds, $C29, rng_out_sel_sp_ind, $D29, rng_out_sel_excl_ind,$F29, rng_out_sel_excl_yr_ind, ">0", rng_out_sel_excl_ind,$F29) + IF([1]Tables!$C$16=[1]Tables!$CF$4, SUMIFS(INDIRECT('[1]RA Output'!DD$1), rng_out_mail_ind, $B29, rng_out_ds, $C29, rng_out_sel_sp_ind, $D29, rng_out_sel_excl_ind,$F29,rng_out_sel_excl_yr_ind, ""), 0))/[1]Tables!$AT$4} -> #REF! | AV29: =IFERROR(AQ29/AV$58, 0) -> 0 | AW29: =IFERROR(AR29/AW$58, 0) -> 0 | AX29: =IFERROR(AS29/AX$58, 0) -> 0 | AY29: =IFERROR(AT29/AY$58, 0) -> 0 | AZ29: =IFERROR(AU29/AZ$58, 0) -> 0 | BA29: =IFERROR(AQ29/BA$58, 0) -> 0 | BB29: =IFERROR(AR29/BB$58, 0) -> 0 | BC29: =IFERROR(AS29/BC$58, 0) -> 0 | BD29: =IFERROR(AT29/BD$58, 0) -> 0 | BE29: =IFERROR(AU29/BE$58, 0) -> 0 | BG29: Retail 30 | BH29: =AQ29*'[1]Lift Adjustment'!M$58 -> #REF! | BI29: =AR29*'[1]Lift Adjustment'!N$58 -> #REF! | BJ29: =AS29*'[1]Lift Adjustment'!O$58 -> #REF! | BK29: =AT29*'[1]Lift Adjustment'!P$58 -> #REF! | BL29: =AU29*'[1]Lift Adjustment'!Q$58 -> #REF! | BM29: =IFERROR(BH29/BM$58, 0) -> 0 | BN29: =IFERROR(BI29/BN$58, 0) -> 0 | BO29: =IFERROR(BJ29/BO$58, 0) -> 0 | BP29: =IFERROR(BK29/BP$58, 0) -> 0 | BQ29: =IFERROR(BL29/BQ$58, 0) -> 0 | BR29: =IFERROR(BH29/BR$58, 0) -> 0 | BS29: =IFERROR(BI29/BS$58, 0) -> 0 | BT29: =IFERROR(BJ29/BT$58, 0) -> 0 | BU29: =IFERROR(BK29/BU$58, 0) -> 0 | BV29: =IFERROR(BL29/BV$58, 0) -> 0 | BX29: Retail 30 | BY29: =CD29*CD58 -> #VALUE! | BZ29: =CE29*CE58 -> #VALUE! | CA29: =CF29*CF58 -> #VALUE! | CB29: =CG29*CG58 -> #VALUE! | CC29: =CH29*CH58 -> #VALUE! | CD29: =BM29-DC29 -> 0 | CE29: =BN29-DD29 -> 0 | CF29: =BO29-DE29 -> 0 | CG29: =BP29-DF29 -> 0 | CH29: =BQ29-DG29 -> 0 | CI29: =IFERROR(BY29/CI58, 0) -> 0 | CJ29: =IFERROR(BZ29/CJ58, 0) -> 0 | CK29: =IFERROR(CA29/CK58, 0) -> 0 | CL29: =IFERROR(CB29/CL58, 0) -> 0 | CM29: =IFERROR(CC29/CM58, 0) -> 0 | DC29: {=IFERROR(BM29-BM29*BR67*(1-INDEX([1]Tables!$EA$4:$EE$60,MATCH([1]Tables!$C$22&$BX29,[1]Tables!$EA$4:$EA$60,0),[1]Tables!$EE$1))*(1-DI29)/CD58, 0)} -> 0 | DD29: {=IFERROR(BN29-BN29*BS67*(1-INDEX([1]Tables!$EA$4:$EE$60,MATCH([1]Tables!$C$22&$BX29,[1]Tables!$EA$4:$EA$60,0),[1]Tables!$EE$1))*(1-DJ29)/CE58, 0)} -> 0 | DE29: {=IFERROR(BO29-BO29*BT67*(1-INDEX([1]Tables!$EA$4:$EE$60,MATCH([1]Tables!$C$22&$BX29,[1]Tables!$EA$4:$EA$60,0),[1]Tables!$EE$1))*(1-DK29)/CF58, 0)} -> 0 | DF29: {=IFERROR(BP29-BP29*BU67*(1-INDEX([1]Tables!$EA$4:$EE$60,MATCH([1]Tables!$C$22&$BX29,[1]Tables!$EA$4:$EA$60,0),[1]Tables!$EE$1))*(1-DL29)/CG58, 0)} -> 0 | DG29: {=IFERROR(BQ29-BQ29*BV67*(1-INDEX([1]Tables!$EA$4:$EE$60,MATCH([1]Tables!$C$22&$BX29,[1]Tables!$EA$4:$EA$60,0),[1]Tables!$EE$1))*(1-DM29)/CH58, 0)} -> 0 | DI29: {=IFERROR(((SUMPRODUCT((rng_out_mail_ind = $B29) * (rng_out_ds = $C29) * (rng_out_sel_sp_ind = $D29) * (rng_out_sel_excl_ind = $E29) * (rng_out_ppl_post_yr1*rng_out_340B)) + IF([1]Tables!$C$16=[1]Tables!$CF$4, SUMPRODUCT((rng_out_mail_ind = $B29) * (rng_out_ds = $C29) * (rng_out_sel_sp_ind = $D29) * (rng_out_sel_excl_ind = $F29) * (rng_out_ppl_post_yr1*rng_out_340B)), 0))/[1]Tables!$AT$4)/AQ29, 0)} -> 0 | DJ29: {=IFERROR(((SUMPRODUCT((rng_out_mail_ind = $B29) * (rng_out_ds = $C29) * (rng_out_sel_sp_ind = $D29) * (rng_out_sel_excl_ind = $E29) * (rng_out_ppl_post_yr2*rng_out_340B)) + IF([1]Tables!$C$16=[1]Tables!$CF$4, SUMPRODUCT((rng_out_mail_ind = $B29) * (rng_out_ds = $C29) * (rng_out_sel_sp_ind = $D29) * (rng_out_sel_excl_ind = $F29) * (rng_out_ppl_post_yr2*rng_out_340B)), 0))/[1]Tables!$AT$4)/AR29, 0)} -> 0 | DK29: {=IFERROR(((SUMPRODUCT((rng_out_mail_ind = $B29) * (rng_out_ds = $C29) * (rng_out_sel_sp_ind = $D29) * (rng_out_sel_excl_ind = $E29) * (rng_out_ppl_post_yr3*rng_out_340B)) + IF([1]Tables!$C$16=[1]Tables!$CF$4, SUMPRODUCT((rng_out_mail_ind = $B29) * (rng_out_ds = $C29) * (rng_out_sel_sp_ind = $D29) * (rng_out_sel_excl_ind = $F29) * (rng_out_ppl_post_yr3*rng_out_340B)), 0))/[1]Tables!$AT$4)/AS29, 0)} -> 0 | DL29: {=IFERROR(((SUMPRODUCT((rng_out_mail_ind = $B29) * (rng_out_ds = $C29) * (rng_out_sel_sp_ind = $D29) * (rng_out_sel_excl_ind = $E29) * (rng_out_ppl_post_yr4*rng_out_340B)) + IF([1]Tables!$C$16=[1]Tables!$CF$4, SUMPRODUCT((rng_out_mail_ind = $B29) * (rng_out_ds = $C29) * (rng_out_sel_sp_ind = $D29) * (rng_out_sel_excl_ind = $F29) * (rng_out_ppl_post_yr4*rng_out_340B)), 0))/[1]Tables!$AT$4)/AT29, 0)} -> 0 | DM29: {=IFERROR(((SUMPRODUCT((rng_out_mail_ind = $B29) * (rng_out_ds = $C29) * (rng_out_sel_sp_ind = $D29) * (rng_out_sel_excl_ind = $E29) * (rng_out_ppl_post_yr5*rng_out_340B)) + IF([1]Tables!$C$16=[1]Tables!$CF$4, SUMPRODUCT((rng_out_mail_ind = $B29) * (rng_out_ds = $C29) * (rng_out_sel_sp_ind = $D29) * (rng_out_sel_excl_ind = $F29) * (rng_out_ppl_post_yr5*rng_out_340B)), 0))/[1]Tables!$AT$4)/AU29, 0)} -> 0
B30: R | C30: 90 | D30: N | E30: N | F30: Y | H30: Retail 90 | I30: {=SUMIFS(INDIRECT('[1]RA Output'!BZ$1), rng_out_mail_ind, $B30, rng_out_ds, $C30, rng_out_sel_sp_ind, $D30, rng_out_sel_excl_ind,$E30) + SUMIFS(INDIRECT('[1]RA Output'!BZ$1), rng_out_mail_ind, $B30, rng_out_ds, $C30, rng_out_sel_sp_ind, $D30, rng_out_sel_excl_ind,$F30, rng_out_sel_excl_yr_ind, ">0", rng_out_sel_excl_ind,$F30) + IF([1]Tables!$C$16=[1]Tables!$CF$4, SUMIFS(INDIRECT('[1]RA Output'!BZ$1), rng_out_mail_ind, $B30, rng_out_ds, $C30, rng_out_sel_sp_ind, $D30, rng_out_sel_excl_ind,$F30,rng_out_sel_excl_yr_ind, ""), 0)} -> #REF! | J30: {=SUMIFS(INDIRECT('[1]RA Output'!CA$1), rng_out_mail_ind, $B30, rng_out_ds, $C30, rng_out_sel_sp_ind, $D30, rng_out_sel_excl_ind,$E30) + SUMIFS(INDIRECT('[1]RA Output'!CA$1), rng_out_mail_ind, $B30, rng_out_ds, $C30, rng_out_sel_sp_ind, $D30, rng_out_sel_excl_ind,$F30, rng_out_sel_excl_yr_ind, ">0", rng_out_sel_excl_ind,$F30) + IF([1]Tables!$C$16=[1]Tables!$CF$4, SUMIFS(INDIRECT('[1]RA Output'!CA$1), rng_out_mail_ind, $B30, rng_out_ds, $C30, rng_out_sel_sp_ind, $D30, rng_out_sel_excl_ind,$F30,rng_out_sel_excl_yr_ind, ""), 0)} -> #REF! | K30: {=SUMIFS(INDIRECT('[1]RA Output'!CB$1), rng_out_mail_ind, $B30, rng_out_ds, $C30, rng_out_sel_sp_ind, $D30, rng_out_sel_excl_ind,$E30) + SUMIFS(INDIRECT('[1]RA Output'!CB$1), rng_out_mail_ind, $B30, rng_out_ds, $C30, rng_out_sel_sp_ind, $D30, rng_out_sel_excl_ind,$F30, rng_out_sel_excl_yr_ind, ">0", rng_out_sel_excl_ind,$F30) + IF([1]Tables!$C$16=[1]Tables!$CF$4, SUMIFS(INDIRECT('[1]RA Output'!CB$1), rng_out_mail_ind, $B30, rng_out_ds, $C30, rng_out_sel_sp_ind, $D30, rng_out_sel_excl_ind,$F30,rng_out_sel_excl_yr_ind, ""), 0)} -> #REF! | L30: {=SUMIFS(INDIRECT('[1]RA Output'!CC$1), rng_out_mail_ind, $B30, rng_out_ds, $C30, rng_out_sel_sp_ind, $D30, rng_out_sel_excl_ind,$E30) + SUMIFS(INDIRECT('[1]RA Output'!CC$1), rng_out_mail_ind, $B30, rng_out_ds, $C30, rng_out_sel_sp_ind, $D30, rng_out_sel_excl_ind,$F30, rng_out_sel_excl_yr_ind, ">0", rng_out_sel_excl_ind,$F30) + IF([1]Tables!$C$16=[1]Tables!$CF$4, SUMIFS(INDIRECT('[1]RA Output'!CC$1), rng_out_mail_ind, $B30, rng_out_ds, $C30, rng_out_sel_sp_ind, $D30, rng_out_sel_excl_ind,$F30,rng_out_sel_excl_yr_ind, ""), 0)} -> #REF! | M30: {=SUMIFS(INDIRECT('[1]RA Output'!CD$1), rng_out_mail_ind, $B30, rng_out_ds, $C30, rng_out_sel_sp_ind, $D30, rng_out_sel_excl_ind,$E30) + SUMIFS(INDIRECT('[1]RA Output'!CD$1), rng_out_mail_ind, $B30, rng_out_ds, $C30, rng_out_sel_sp_ind, $D30, rng_out_sel_excl_ind,$F30, rng_out_sel_excl_yr_ind, ">0", rng_out_sel_excl_ind,$F30) + IF([1]Tables!$C$16=[1]Tables!$CF$4, SUMIFS(INDIRECT('[1]RA Output'!CD$1), rng_out_mail_ind, $B30, rng_out_ds, $C30, rng_out_sel_sp_ind, $D30, rng_out_sel_excl_ind,$F30,rng_out_sel_excl_yr_ind, ""), 0)} -> #REF! | N30: =IFERROR(I30/N$59, 0) -> 0 | O30: =IFERROR(J30/O$59, 0) -> 0 | P30: =IFERROR(K30/P$59, 0) -> 0 | Q30: =IFERROR(L30/Q$59, 0) -> 0 | R30: =IFERROR(M30/R$59, 0) -> 0 | S30: =IFERROR(I30/S$59, 0) -> 0 | T30: =IFERROR(J30/T$59, 0) -> 0 | U30: =IFERROR(K30/U$59, 0) -> 0 | V30: =IFERROR(L30/V$59, 0) -> 0 | W30: =IFERROR(M30/W$59, 0) -> 0 | Y30: Retail 90 | Z30: =IFERROR(I30/[1]Tables!$AT$4, 0) -> 0 | AA30: =IFERROR(J30/[1]Tables!$AT$4, 0) -> 0 | AB30: =IFERROR(K30/[1]Tables!$AT$4, 0) -> 0 | AC30: =IFERROR(L30/[1]Tables!$AT$4, 0) -> 0 | AD30: =IFERROR(M30/[1]Tables!$AT$4, 0) -> 0 | AE30: =IFERROR(N30/[1]Tables!$AT$4, 0) -> 0 | AF30: =IFERROR(O30/[1]Tables!$AT$4, 0) -> 0 | AG30: =IFERROR(P30/[1]Tables!$AT$4, 0) -> 0 | ... AN30: =IFERROR(W30/[1]Tables!$AT$4, 0) -> 0 | AP30: Retail 90 | AQ30: {=(SUMIFS(INDIRECT('[1]RA Output'!CZ$1), rng_out_mail_ind, $B30, rng_out_ds, $C30, rng_out_sel_sp_ind, $D30, rng_out_sel_excl_ind,$E30) + SUMIFS(INDIRECT('[1]RA Output'!CZ$1), rng_out_mail_ind, $B30, rng_out_ds, $C30, rng_out_sel_sp_ind, $D30, rng_out_sel_excl_ind,$F30, rng_out_sel_excl_yr_ind, ">0", rng_out_sel_excl_ind,$F30) + IF([1]Tables!$C$16=[1]Tables!$CF$4, SUMIFS(INDIRECT('[1]RA Output'!CZ$1), rng_out_mail_ind, $B30, rng_out_ds, $C30, rng_out_sel_sp_ind, $D30, rng_out_sel_excl_ind,$F30,rng_out_sel_excl_yr_ind, ""), 0))/[1]Tables!$AT$4} -> #REF! | AR30: {=(SUMIFS(INDIRECT('[1]RA Output'!DA$1), rng_out_mail_ind, $B30, rng_out_ds, $C30, rng_out_sel_sp_ind, $D30, rng_out_sel_excl_ind,$E30) + SUMIFS(INDIRECT('[1]RA Output'!DA$1), rng_out_mail_ind, $B30, rng_out_ds, $C30, rng_out_sel_sp_ind, $D30, rng_out_sel_excl_ind,$F30, rng_out_sel_excl_yr_ind, ">0", rng_out_sel_excl_ind,$F30) + IF([1]Tables!$C$16=[1]Tables!$CF$4, SUMIFS(INDIRECT('[1]RA Output'!DA$1), rng_out_mail_ind, $B30, rng_out_ds, $C30, rng_out_sel_sp_ind, $D30, rng_out_sel_excl_ind,$F30,rng_out_sel_excl_yr_ind, ""), 0))/[1]Tables!$AT$4} -> #REF! | AS30: {=(SUMIFS(INDIRECT('[1]RA Output'!DB$1), rng_out_mail_ind, $B30, rng_out_ds, $C30, rng_out_sel_sp_ind, $D30, rng_out_sel_excl_ind,$E30) + SUMIFS(INDIRECT('[1]RA Output'!DB$1), rng_out_mail_ind, $B30, rng_out_ds, $C30, rng_out_sel_sp_ind, $D30, rng_out_sel_excl_ind,$F30, rng_out_sel_excl_yr_ind, ">0", rng_out_sel_excl_ind,$F30) + IF([1]Tables!$C$16=[1]Tables!$CF$4, SUMIFS(INDIRECT('[1]RA Output'!DB$1), rng_out_mail_ind, $B30, rng_out_ds, $C30, rng_out_sel_sp_ind, $D30, rng_out_sel_excl_ind,$F30,rng_out_sel_excl_yr_ind, ""), 0))/[1]Tables!$AT$4} -> #REF! | AT30: {=(SUMIFS(INDIRECT('[1]RA Output'!DC$1), rng_out_mail_ind, $B30, rng_out_ds, $C30, rng_out_sel_sp_ind, $D30, rng_out_sel_excl_ind,$E30) + SUMIFS(INDIRECT('[1]RA Output'!DC$1), rng_out_mail_ind, $B30, rng_out_ds, $C30, rng_out_sel_sp_ind, $D30, rng_out_sel_excl_ind,$F30, rng_out_sel_excl_yr_ind, ">0", rng_out_sel_excl_ind,$F30) + IF([1]Tables!$C$16=[1]Tables!$CF$4, SUMIFS(INDIRECT('[1]RA Output'!DC$1), rng_out_mail_ind, $B30, rng_out_ds, $C30, rng_out_sel_sp_ind, $D30, rng_out_sel_excl_ind,$F30,rng_out_sel_excl_yr_ind, ""), 0))/[1]Tables!$AT$4} -> #REF! | AU30: {=(SUMIFS(INDIRECT('[1]RA Output'!DD$1), rng_out_mail_ind, $B30, rng_out_ds, $C30, rng_out_sel_sp_ind, $D30, rng_out_sel_excl_ind,$E30) + SUMIFS(INDIRECT('[1]RA Output'!DD$1), rng_out_mail_ind, $B30, rng_out_ds, $C30, rng_out_sel_sp_ind, $D30, rng_out_sel_excl_ind,$F30, rng_out_sel_excl_yr_ind, ">0", rng_out_sel_excl_ind,$F30) + IF([1]Tables!$C$16=[1]Tables!$CF$4, SUMIFS(INDIRECT('[1]RA Output'!DD$1), rng_out_mail_ind, $B30, rng_out_ds, $C30, rng_out_sel_sp_ind, $D30, rng_out_sel_excl_ind,$F30,rng_out_sel_excl_yr_ind, ""), 0))/[1]Tables!$AT$4} -> #REF! | AV30: =IFERROR(AQ30/AV$59, 0) -> 0 | AW30: =IFERROR(AR30/AW$59, 0) -> 0 | AX30: =IFERROR(AS30/AX$59, 0) -> 0 | AY30: =IFERROR(AT30/AY$59, 0) -> 0 | AZ30: =IFERROR(AU30/AZ$59, 0) -> 0 | BA30: =IFERROR(AQ30/BA$59, 0) -> 0 | BB30: =IFERROR(AR30/BB$59, 0) -> 0 | BC30: =IFERROR(AS30/BC$59, 0) -> 0 | BD30: =IFERROR(AT30/BD$59, 0) -> 0 | BE30: =IFERROR(AU30/BE$59, 0) -> 0 | BG30: Retail 90 | BH30: =AQ30*'[1]Lift Adjustment'!M$59 -> #REF! | BI30: =AR30*'[1]Lift Adjustment'!N$59 -> #REF! | BJ30: =AS30*'[1]Lift Adjustment'!O$59 -> #REF! | BK30: =AT30*'[1]Lift Adjustment'!P$59 -> #REF! | BL30: =AU30*'[1]Lift Adjustment'!Q$59 -> #REF! | BM30: =IFERROR(BH30/BM$59, 0) -> 0 | BN30: =IFERROR(BI30/BN$59, 0) -> 0 | BO30: =IFERROR(BJ30/BO$59, 0) -> 0 | BP30: =IFERROR(BK30/BP$59, 0) -> 0 | BQ30: =IFERROR(BL30/BQ$59, 0) -> 0 | BR30: =IFERROR(BH30/BR$59, 0) -> 0 | BS30: =IFERROR(BI30/BS$59, 0) -> 0 | BT30: =IFERROR(BJ30/BT$59, 0) -> 0 | BU30: =IFERROR(BK30/BU$59, 0) -> 0 | BV30: =IFERROR(BL30/BV$59, 0) -> 0 | BX30: Retail 90 | BY30: =CD30*CD59 -> #VALUE! | BZ30: =CE30*CE59 -> #VALUE! | CA30: =CF30*CF59 -> #VALUE! | CB30: =CG30*CG59 -> #VALUE! | CC30: =CH30*CH59 -> #VALUE! | CD30: =BM30-DC30 -> 0 | CE30: =BN30-DD30 -> 0 | CF30: =BO30-DE30 -> 0 | CG30: =BP30-DF30 -> 0 | CH30: =BQ30-DG30 -> 0 | CI30: =IFERROR(BY30/CI59, 0) -> 0 | CJ30: =IFERROR(BZ30/CJ59, 0) -> 0 | CK30: =IFERROR(CA30/CK59, 0) -> 0 | CL30: =IFERROR(CB30/CL59, 0) -> 0 | CM30: =IFERROR(CC30/CM59, 0) -> 0 | DC30: {=IFERROR(BM30-BM30*BR68*(1-INDEX([1]Tables!$EA$4:$EE$60,MATCH([1]Tables!$C$22&$BX30,[1]Tables!$EA$4:$EA$60,0),[1]Tables!$EE$1))*(1-DI30)/CD59, 0)} -> 0 | DD30: {=IFERROR(BN30-BN30*BS68*(1-INDEX([1]Tables!$EA$4:$EE$60,MATCH([1]Tables!$C$22&$BX30,[1]Tables!$EA$4:$EA$60,0),[1]Tables!$EE$1))*(1-DJ30)/CE59, 0)} -> 0 | DE30: {=IFERROR(BO30-BO30*BT68*(1-INDEX([1]Tables!$EA$4:$EE$60,MATCH([1]Tables!$C$22&$BX30,[1]Tables!$EA$4:$EA$60,0),[1]Tables!$EE$1))*(1-DK30)/CF59, 0)} -> 0 | DF30: {=IFERROR(BP30-BP30*BU68*(1-INDEX([1]Tables!$EA$4:$EE$60,MATCH([1]Tables!$C$22&$BX30,[1]Tables!$EA$4:$EA$60,0),[1]Tables!$EE$1))*(1-DL30)/CG59, 0)} -> 0 | DG30: {=IFERROR(BQ30-BQ30*BV68*(1-INDEX([1]Tables!$EA$4:$EE$60,MATCH([1]Tables!$C$22&$BX30,[1]Tables!$EA$4:$EA$60,0),[1]Tables!$EE$1))*(1-DM30)/CH59, 0)} -> 0 | DI30: {=IFERROR(((SUMPRODUCT((rng_out_mail_ind = $B30) * (rng_out_ds = $C30) * (rng_out_sel_sp_ind = $D30) * (rng_out_sel_excl_ind = $E30) * (rng_out_ppl_post_yr1*rng_out_340B)) + IF([1]Tables!$C$16=[1]Tables!$CF$4, SUMPRODUCT((rng_out_mail_ind = $B30) * (rng_out_ds = $C30) * (rng_out_sel_sp_ind = $D30) * (rng_out_sel_excl_ind = $F30) * (rng_out_ppl_post_yr1*rng_out_340B)), 0))/[1]Tables!$AT$4)/AQ30, 0)} -> 0 | DJ30: {=IFERROR(((SUMPRODUCT((rng_out_mail_ind = $B30) * (rng_out_ds = $C30) * (rng_out_sel_sp_ind = $D30) * (rng_out_sel_excl_ind = $E30) * (rng_out_ppl_post_yr2*rng_out_340B)) + IF([1]Tables!$C$16=[1]Tables!$CF$4, SUMPRODUCT((rng_out_mail_ind = $B30) * (rng_out_ds = $C30) * (rng_out_sel_sp_ind = $D30) * (rng_out_sel_excl_ind = $F30) * (rng_out_ppl_post_yr2*rng_out_340B)), 0))/[1]Tables!$AT$4)/AR30, 0)} -> 0 | DK30: {=IFERROR(((SUMPRODUCT((rng_out_mail_ind = $B30) * (rng_out_ds = $C30) * (rng_out_sel_sp_ind = $D30) * (rng_out_sel_excl_ind = $E30) * (rng_out_ppl_post_yr3*rng_out_340B)) + IF([1]Tables!$C$16=[1]Tables!$CF$4, SUMPRODUCT((rng_out_mail_ind = $B30) * (rng_out_ds = $C30) * (rng_out_sel_sp_ind = $D30) * (rng_out_sel_excl_ind = $F30) * (rng_out_ppl_post_yr3*rng_out_340B)), 0))/[1]Tables!$AT$4)/AS30, 0)} -> 0 | DL30: {=IFERROR(((SUMPRODUCT((rng_out_mail_ind = $B30) * (rng_out_ds = $C30) * (rng_out_sel_sp_ind = $D30) * (rng_out_sel_excl_ind = $E30) * (rng_out_ppl_post_yr4*rng_out_340B)) + IF([1]Tables!$C$16=[1]Tables!$CF$4, SUMPRODUCT((rng_out_mail_ind = $B30) * (rng_out_ds = $C30) * (rng_out_sel_sp_ind = $D30) * (rng_out_sel_excl_ind = $F30) * (rng_out_ppl_post_yr4*rng_out_340B)), 0))/[1]Tables!$AT$4)/AT30, 0)} -> 0 | DM30: {=IFERROR(((SUMPRODUCT((rng_out_mail_ind = $B30) * (rng_out_ds = $C30) * (rng_out_sel_sp_ind = $D30) * (rng_out_sel_excl_ind = $E30) * (rng_out_ppl_post_yr5*rng_out_340B)) + IF([1]Tables!$C$16=[1]Tables!$CF$4, SUMPRODUCT((rng_out_mail_ind = $B30) * (rng_out_ds = $C30) * (rng_out_sel_sp_ind = $D30) * (rng_out_sel_excl_ind = $F30) * (rng_out_ppl_post_yr5*rng_out_340B)), 0))/[1]Tables!$AT$4)/AU30, 0)} -> 0
B31: M | D31: N | E31: N | F31: Y | H31: Mail | I31: {=SUMIFS(INDIRECT('[1]RA Output'!BZ$1), rng_out_mail_ind, $B31, rng_out_sel_sp_ind, $D31, rng_out_sel_excl_ind,$E31) + SUMIFS(INDIRECT('[1]RA Output'!BZ$1), rng_out_mail_ind, $B31, rng_out_sel_sp_ind, $D31, rng_out_sel_excl_ind,$F31, rng_out_sel_excl_yr_ind, ">0") + IF([1]Tables!$C$16=[1]Tables!$CF$4, SUMIFS(INDIRECT('[1]RA Output'!BZ$1), rng_out_mail_ind, $B31, rng_out_sel_sp_ind, $D31, rng_out_sel_excl_ind,$F31,rng_out_sel_excl_yr_ind, ""), 0)} -> #REF! | J31: {=SUMIFS(INDIRECT('[1]RA Output'!CA$1), rng_out_mail_ind, $B31, rng_out_sel_sp_ind, $D31, rng_out_sel_excl_ind,$E31) + SUMIFS(INDIRECT('[1]RA Output'!CA$1), rng_out_mail_ind, $B31, rng_out_sel_sp_ind, $D31, rng_out_sel_excl_ind,$F31, rng_out_sel_excl_yr_ind, ">0") + IF([1]Tables!$C$16=[1]Tables!$CF$4, SUMIFS(INDIRECT('[1]RA Output'!CA$1), rng_out_mail_ind, $B31, rng_out_sel_sp_ind, $D31, rng_out_sel_excl_ind,$F31,rng_out_sel_excl_yr_ind, ""), 0)} -> #REF! | K31: {=SUMIFS(INDIRECT('[1]RA Output'!CB$1), rng_out_mail_ind, $B31, rng_out_sel_sp_ind, $D31, rng_out_sel_excl_ind,$E31) + SUMIFS(INDIRECT('[1]RA Output'!CB$1), rng_out_mail_ind, $B31, rng_out_sel_sp_ind, $D31, rng_out_sel_excl_ind,$F31, rng_out_sel_excl_yr_ind, ">0") + IF([1]Tables!$C$16=[1]Tables!$CF$4, SUMIFS(INDIRECT('[1]RA Output'!CB$1), rng_out_mail_ind, $B31, rng_out_sel_sp_ind, $D31, rng_out_sel_excl_ind,$F31,rng_out_sel_excl_yr_ind, ""), 0)} -> #REF! | L31: {=SUMIFS(INDIRECT('[1]RA Output'!CC$1), rng_out_mail_ind, $B31, rng_out_sel_sp_ind, $D31, rng_out_sel_excl_ind,$E31) + SUMIFS(INDIRECT('[1]RA Output'!CC$1), rng_out_mail_ind, $B31, rng_out_sel_sp_ind, $D31, rng_out_sel_excl_ind,$F31, rng_out_sel_excl_yr_ind, ">0") + IF([1]Tables!$C$16=[1]Tables!$CF$4, SUMIFS(INDIRECT('[1]RA Output'!CC$1), rng_out_mail_ind, $B31, rng_out_sel_sp_ind, $D31, rng_out_sel_excl_ind,$F31,rng_out_sel_excl_yr_ind, ""), 0)} -> #REF! | M31: {=SUMIFS(INDIRECT('[1]RA Output'!CD$1), rng_out_mail_ind, $B31, rng_out_sel_sp_ind, $D31, rng_out_sel_excl_ind,$E31) + SUMIFS(INDIRECT('[1]RA Output'!CD$1), rng_out_mail_ind, $B31, rng_out_sel_sp_ind, $D31, rng_out_sel_excl_ind,$F31, rng_out_sel_excl_yr_ind, ">0") + IF([1]Tables!$C$16=[1]Tables!$CF$4, SUMIFS(INDIRECT('[1]RA Output'!CD$1), rng_out_mail_ind, $B31, rng_out_sel_sp_ind, $D31, rng_out_sel_excl_ind,$F31,rng_out_sel_excl_yr_ind, ""), 0)} -> #REF! | N31: =IFERROR(I31/N$60, 0) -> 0 | O31: =IFERROR(J31/O$60, 0) -> 0 | P31: =IFERROR(K31/P$60, 0) -> 0 | Q31: =IFERROR(L31/Q$60, 0) -> 0 | R31: =IFERROR(M31/R$60, 0) -> 0 | S31: =IFERROR(I31/S$60, 0) -> 0 | T31: =IFERROR(J31/T$60, 0) -> 0 | U31: =IFERROR(K31/U$60, 0) -> 0 | V31: =IFERROR(L31/V$60, 0) -> 0 | W31: =IFERROR(M31/W$60, 0) -> 0 | Y31: Mail | Z31: =IFERROR(I31/[1]Tables!$AT$4, 0) -> 0 | AA31: =IFERROR(J31/[1]Tables!$AT$4, 0) -> 0 | AB31: =IFERROR(K31/[1]Tables!$AT$4, 0) -> 0 | AC31: =IFERROR(L31/[1]Tables!$AT$4, 0) -> 0 | AD31: =IFERROR(M31/[1]Tables!$AT$4, 0) -> 0 | AE31: =IFERROR(N31/[1]Tables!$AT$4, 0) -> 0 | AF31: =IFERROR(O31/[1]Tables!$AT$4, 0) -> 0 | AG31: =IFERROR(P31/[1]Tables!$AT$4, 0) -> 0 | ... AN31: =IFERROR(W31/[1]Tables!$AT$4, 0) -> 0 | AP31: Mail | AQ31: {=(SUMIFS(INDIRECT('[1]RA Output'!CZ$1), rng_out_mail_ind, $B31, rng_out_sel_sp_ind, $D31, rng_out_sel_excl_ind,$E31) + SUMIFS(INDIRECT('[1]RA Output'!CZ$1), rng_out_mail_ind, $B31, rng_out_sel_sp_ind, $D31, rng_out_sel_excl_ind,$F31, rng_out_sel_excl_yr_ind, ">0") + IF([1]Tables!$C$16=[1]Tables!$CF$4, SUMIFS(INDIRECT('[1]RA Output'!CZ$1), rng_out_mail_ind, $B31, rng_out_sel_sp_ind, $D31, rng_out_sel_excl_ind,$F31,rng_out_sel_excl_yr_ind, ""), 0))/[1]Tables!$AT$4} -> #REF! | AR31: {=(SUMIFS(INDIRECT('[1]RA Output'!DA$1), rng_out_mail_ind, $B31, rng_out_sel_sp_ind, $D31, rng_out_sel_excl_ind,$E31) + SUMIFS(INDIRECT('[1]RA Output'!DA$1), rng_out_mail_ind, $B31, rng_out_sel_sp_ind, $D31, rng_out_sel_excl_ind,$F31, rng_out_sel_excl_yr_ind, ">0") + IF([1]Tables!$C$16=[1]Tables!$CF$4, SUMIFS(INDIRECT('[1]RA Output'!DA$1), rng_out_mail_ind, $B31, rng_out_sel_sp_ind, $D31, rng_out_sel_excl_ind,$F31,rng_out_sel_excl_yr_ind, ""), 0))/[1]Tables!$AT$4} -> #REF! | AS31: {=(SUMIFS(INDIRECT('[1]RA Output'!DB$1), rng_out_mail_ind, $B31, rng_out_sel_sp_ind, $D31, rng_out_sel_excl_ind,$E31) + SUMIFS(INDIRECT('[1]RA Output'!DB$1), rng_out_mail_ind, $B31, rng_out_sel_sp_ind, $D31, rng_out_sel_excl_ind,$F31, rng_out_sel_excl_yr_ind, ">0") + IF([1]Tables!$C$16=[1]Tables!$CF$4, SUMIFS(INDIRECT('[1]RA Output'!DB$1), rng_out_mail_ind, $B31, rng_out_sel_sp_ind, $D31, rng_out_sel_excl_ind,$F31,rng_out_sel_excl_yr_ind, ""), 0))/[1]Tables!$AT$4} -> #REF! | AT31: {=(SUMIFS(INDIRECT('[1]RA Output'!DC$1), rng_out_mail_ind, $B31, rng_out_sel_sp_ind, $D31, rng_out_sel_excl_ind,$E31) + SUMIFS(INDIRECT('[1]RA Output'!DC$1), rng_out_mail_ind, $B31, rng_out_sel_sp_ind, $D31, rng_out_sel_excl_ind,$F31, rng_out_sel_excl_yr_ind, ">0") + IF([1]Tables!$C$16=[1]Tables!$CF$4, SUMIFS(INDIRECT('[1]RA Output'!DC$1), rng_out_mail_ind, $B31, rng_out_sel_sp_ind, $D31, rng_out_sel_excl_ind,$F31,rng_out_sel_excl_yr_ind, ""), 0))/[1]Tables!$AT$4} -> #REF! | AU31: {=(SUMIFS(INDIRECT('[1]RA Output'!DD$1), rng_out_mail_ind, $B31, rng_out_sel_sp_ind, $D31, rng_out_sel_excl_ind,$E31) + SUMIFS(INDIRECT('[1]RA Output'!DD$1), rng_out_mail_ind, $B31, rng_out_sel_sp_ind, $D31, rng_out_sel_excl_ind,$F31, rng_out_sel_excl_yr_ind, ">0") + IF([1]Tables!$C$16=[1]Tables!$CF$4, SUMIFS(INDIRECT('[1]RA Output'!DD$1), rng_out_mail_ind, $B31, rng_out_sel_sp_ind, $D31, rng_out_sel_excl_ind,$F31,rng_out_sel_excl_yr_ind, ""), 0))/[1]Tables!$AT$4} -> #REF! | AV31: =IFERROR(AQ31/AV$60, 0) -> 0 | AW31: =IFERROR(AR31/AW$60, 0) -> 0 | AX31: =IFERROR(AS31/AX$60, 0) -> 0 | AY31: =IFERROR(AT31/AY$60, 0) -> 0 | AZ31: =IFERROR(AU31/AZ$60, 0) -> 0 | BA31: =IFERROR(AQ31/BA$60, 0) -> 0 | BB31: =IFERROR(AR31/BB$60, 0) -> 0 | BC31: =IFERROR(AS31/BC$60, 0) -> 0 | BD31: =IFERROR(AT31/BD$60, 0) -> 0 | BE31: =IFERROR(AU31/BE$60, 0) -> 0 | BG31: Mail | BH31: =AQ31*'[1]Lift Adjustment'!M$60 -> #REF! | BI31: =AR31*'[1]Lift Adjustment'!N$60 -> #REF! | BJ31: =AS31*'[1]Lift Adjustment'!O$60 -> #REF! | BK31: =AT31*'[1]Lift Adjustment'!P$60 -> #REF! | BL31: =AU31*'[1]Lift Adjustment'!Q$60 -> #REF! | BM31: =IFERROR(BH31/BM$60, 0) -> 0 | BN31: =IFERROR(BI31/BN$60, 0) -> 0 | BO31: =IFERROR(BJ31/BO$60, 0) -> 0 | BP31: =IFERROR(BK31/BP$60, 0) -> 0 | BQ31: =IFERROR(BL31/BQ$60, 0) -> 0 | BR31: =IFERROR(BH31/BR$60, 0) -> 0 | BS31: =IFERROR(BI31/BS$60, 0) -> 0 | BT31: =IFERROR(BJ31/BT$60, 0) -> 0 | BU31: =IFERROR(BK31/BU$60, 0) -> 0 | BV31: =IFERROR(BL31/BV$60, 0) -> 0 | BX31: Mail | BY31: =CD31*CD60 -> #VALUE! | BZ31: =CE31*CE60 -> #VALUE! | CA31: =CF31*CF60 -> #VALUE! | CB31: =CG31*CG60 -> #VALUE! | CC31: =CH31*CH60 -> #VALUE! | CD31: =BM31-DC31 -> 0 | CE31: =BN31-DD31 -> 0 | CF31: =BO31-DE31 -> 0 | CG31: =BP31-DF31 -> 0 | CH31: =BQ31-DG31 -> 0 | CI31: =IFERROR(BY31/CI60, 0) -> 0 | CJ31: =IFERROR(BZ31/CJ60, 0) -> 0 | CK31: =IFERROR(CA31/CK60, 0) -> 0 | CL31: =IFERROR(CB31/CL60, 0) -> 0 | CM31: =IFERROR(CC31/CM60, 0) -> 0 | DC31: {=IFERROR(BM31-BM31*BR69*(1-INDEX([1]Tables!$EA$4:$EE$60,MATCH([1]Tables!$C$22&$BX31,[1]Tables!$EA$4:$EA$60,0),[1]Tables!$EE$1))*(1-DI31)/CD60, 0)} -> 0 | DD31: {=IFERROR(BN31-BN31*BS69*(1-INDEX([1]Tables!$EA$4:$EE$60,MATCH([1]Tables!$C$22&$BX31,[1]Tables!$EA$4:$EA$60,0),[1]Tables!$EE$1))*(1-DJ31)/CE60, 0)} -> 0 | DE31: {=IFERROR(BO31-BO31*BT69*(1-INDEX([1]Tables!$EA$4:$EE$60,MATCH([1]Tables!$C$22&$BX31,[1]Tables!$EA$4:$EA$60,0),[1]Tables!$EE$1))*(1-DK31)/CF60, 0)} -> 0 | DF31: {=IFERROR(BP31-BP31*BU69*(1-INDEX([1]Tables!$EA$4:$EE$60,MATCH([1]Tables!$C$22&$BX31,[1]Tables!$EA$4:$EA$60,0),[1]Tables!$EE$1))*(1-DL31)/CG60, 0)} -> 0 | DG31: {=IFERROR(BQ31-BQ31*BV69*(1-INDEX([1]Tables!$EA$4:$EE$60,MATCH([1]Tables!$C$22&$BX31,[1]Tables!$EA$4:$EA$60,0),[1]Tables!$EE$1))*(1-DM31)/CH60, 0)} -> 0 | DI31: {=IFERROR(((SUMPRODUCT((rng_out_mail_ind = $B31) * (rng_out_sel_sp_ind = $D31) * (rng_out_sel_excl_ind = $E31) * (rng_out_ppl_post_yr1*rng_out_340B)) + IF([1]Tables!$C$16=[1]Tables!$CF$4, SUMPRODUCT((rng_out_mail_ind = $B31) * (rng_out_sel_sp_ind = $D31) * (rng_out_sel_excl_ind = $F31) * (rng_out_ppl_post_yr1*rng_out_340B)), 0))/[1]Tables!$AT$4)/AQ31, 0)} -> 0 | DJ31: {=IFERROR(((SUMPRODUCT((rng_out_mail_ind = $B31) * (rng_out_sel_sp_ind = $D31) * (rng_out_sel_excl_ind = $E31) * (rng_out_ppl_post_yr2*rng_out_340B)) + IF([1]Tables!$C$16=[1]Tables!$CF$4, SUMPRODUCT((rng_out_mail_ind = $B31) * (rng_out_sel_sp_ind = $D31) * (rng_out_sel_excl_ind = $F31) * (rng_out_ppl_post_yr2*rng_out_340B)), 0))/[1]Tables!$AT$4)/AR31, 0)} -> 0 | DK31: {=IFERROR(((SUMPRODUCT((rng_out_mail_ind = $B31) * (rng_out_sel_sp_ind = $D31) * (rng_out_sel_excl_ind = $E31) * (rng_out_ppl_post_yr3*rng_out_340B)) + IF([1]Tables!$C$16=[1]Tables!$CF$4, SUMPRODUCT((rng_out_mail_ind = $B31) * (rng_out_sel_sp_ind = $D31) * (rng_out_sel_excl_ind = $F31) * (rng_out_ppl_post_yr3*rng_out_340B)), 0))/[1]Tables!$AT$4)/AS31, 0)} -> 0 | DL31: {=IFERROR(((SUMPRODUCT((rng_out_mail_ind = $B31) * (rng_out_sel_sp_ind = $D31) * (rng_out_sel_excl_ind = $E31) * (rng_out_ppl_post_yr4*rng_out_340B)) + IF([1]Tables!$C$16=[1]Tables!$CF$4, SUMPRODUCT((rng_out_mail_ind = $B31) * (rng_out_sel_sp_ind = $D31) * (rng_out_sel_excl_ind = $F31) * (rng_out_ppl_post_yr4*rng_out_340B)), 0))/[1]Tables!$AT$4)/AT31, 0)} -> 0 | DM31: {=IFERROR(((SUMPRODUCT((rng_out_mail_ind = $B31) * (rng_out_sel_sp_ind = $D31) * (rng_out_sel_excl_ind = $E31) * (rng_out_ppl_post_yr5*rng_out_340B)) + IF([1]Tables!$C$16=[1]Tables!$CF$4, SUMPRODUCT((rng_out_mail_ind = $B31) * (rng_out_sel_sp_ind = $D31) * (rng_out_sel_excl_ind = $F31) * (rng_out_ppl_post_yr5*rng_out_340B)), 0))/[1]Tables!$AT$4)/AU31, 0)} -> 0
D32: Y | E32: N | F32: Y | H32: Specialty | I32: {=SUMIFS(INDIRECT('[1]RA Output'!BZ$1), rng_out_sel_sp_ind, $D32, rng_out_sel_excl_ind,$E32) + SUMIFS(INDIRECT('[1]RA Output'!BZ$1), rng_out_sel_sp_ind, $D32, rng_out_sel_excl_ind,$F32, rng_out_sel_excl_yr_ind, ">0") + IF([1]Tables!$C$16=[1]Tables!$CF$4, SUMIFS(INDIRECT('[1]RA Output'!BZ$1), rng_out_sel_sp_ind, $D32, rng_out_sel_excl_ind,$F32, rng_out_sel_excl_yr_ind, ""), 0)} -> #REF! | J32: {=SUMIFS(INDIRECT('[1]RA Output'!CA$1), rng_out_sel_sp_ind, $D32, rng_out_sel_excl_ind,$E32) + SUMIFS(INDIRECT('[1]RA Output'!CA$1), rng_out_sel_sp_ind, $D32, rng_out_sel_excl_ind,$F32, rng_out_sel_excl_yr_ind, ">0") + IF([1]Tables!$C$16=[1]Tables!$CF$4, SUMIFS(INDIRECT('[1]RA Output'!CA$1), rng_out_sel_sp_ind, $D32, rng_out_sel_excl_ind,$F32, rng_out_sel_excl_yr_ind, ""), 0)} -> #REF! | K32: {=SUMIFS(INDIRECT('[1]RA Output'!CB$1), rng_out_sel_sp_ind, $D32, rng_out_sel_excl_ind,$E32) + SUMIFS(INDIRECT('[1]RA Output'!CB$1), rng_out_sel_sp_ind, $D32, rng_out_sel_excl_ind,$F32, rng_out_sel_excl_yr_ind, ">0") + IF([1]Tables!$C$16=[1]Tables!$CF$4, SUMIFS(INDIRECT('[1]RA Output'!CB$1), rng_out_sel_sp_ind, $D32, rng_out_sel_excl_ind,$F32, rng_out_sel_excl_yr_ind, ""), 0)} -> #REF! | L32: {=SUMIFS(INDIRECT('[1]RA Output'!CC$1), rng_out_sel_sp_ind, $D32, rng_out_sel_excl_ind,$E32) + SUMIFS(INDIRECT('[1]RA Output'!CC$1), rng_out_sel_sp_ind, $D32, rng_out_sel_excl_ind,$F32, rng_out_sel_excl_yr_ind, ">0") + IF([1]Tables!$C$16=[1]Tables!$CF$4, SUMIFS(INDIRECT('[1]RA Output'!CC$1), rng_out_sel_sp_ind, $D32, rng_out_sel_excl_ind,$F32, rng_out_sel_excl_yr_ind, ""), 0)} -> #REF! | M32: {=SUMIFS(INDIRECT('[1]RA Output'!CD$1), rng_out_sel_sp_ind, $D32, rng_out_sel_excl_ind,$E32) + SUMIFS(INDIRECT('[1]RA Output'!CD$1), rng_out_sel_sp_ind, $D32, rng_out_sel_excl_ind,$F32, rng_out_sel_excl_yr_ind, ">0") + IF([1]Tables!$C$16=[1]Tables!$CF$4, SUMIFS(INDIRECT('[1]RA Output'!CD$1), rng_out_sel_sp_ind, $D32, rng_out_sel_excl_ind,$F32, rng_out_sel_excl_yr_ind, ""), 0)} -> #REF! | N32: =IFERROR(I32/N$61, 0) -> 0 | O32: =IFERROR(J32/O$61, 0) -> 0 | P32: =IFERROR(K32/P$61, 0) -> 0 | Q32: =IFERROR(L32/Q$61, 0) -> 0 | R32: =IFERROR(M32/R$61, 0) -> 0 | S32: =IFERROR(I32/S$61, 0) -> 0 | T32: =IFERROR(J32/T$61, 0) -> 0 | U32: =IFERROR(K32/U$61, 0) -> 0 | V32: =IFERROR(L32/V$61, 0) -> 0 | W32: =IFERROR(M32/W$61, 0) -> 0 | Y32: Specialty | Z32: =IFERROR(I32/[1]Tables!$AT$4, 0) -> 0 | AA32: =IFERROR(J32/[1]Tables!$AT$4, 0) -> 0 | AB32: =IFERROR(K32/[1]Tables!$AT$4, 0) -> 0 | AC32: =IFERROR(L32/[1]Tables!$AT$4, 0) -> 0 | AD32: =IFERROR(M32/[1]Tables!$AT$4, 0) -> 0 | AE32: =IFERROR(N32/[1]Tables!$AT$4, 0) -> 0 | AF32: =IFERROR(O32/[1]Tables!$AT$4, 0) -> 0 | AG32: =IFERROR(P32/[1]Tables!$AT$4, 0) -> 0 | ... AN32: =IFERROR(W32/[1]Tables!$AT$4, 0) -> 0 | AP32: Specialty | AQ32: {=(SUMIFS(INDIRECT('[1]RA Output'!CZ$1), rng_out_sel_sp_ind, $D32, rng_out_sel_excl_ind,$E32) + SUMIFS(INDIRECT('[1]RA Output'!CZ$1), rng_out_sel_sp_ind, $D32, rng_out_sel_excl_ind,$F32, rng_out_sel_excl_yr_ind, ">0") + IF([1]Tables!$C$16=[1]Tables!$CF$4, SUMIFS(INDIRECT('[1]RA Output'!CZ$1), rng_out_sel_sp_ind, $D32, rng_out_sel_excl_ind,$F32, rng_out_sel_excl_yr_ind, ""), 0))/[1]Tables!$AT$4} -> #REF! | AR32: {=(SUMIFS(INDIRECT('[1]RA Output'!DA$1), rng_out_sel_sp_ind, $D32, rng_out_sel_excl_ind,$E32) + SUMIFS(INDIRECT('[1]RA Output'!DA$1), rng_out_sel_sp_ind, $D32, rng_out_sel_excl_ind,$F32, rng_out_sel_excl_yr_ind, ">0") + IF([1]Tables!$C$16=[1]Tables!$CF$4, SUMIFS(INDIRECT('[1]RA Output'!DA$1), rng_out_sel_sp_ind, $D32, rng_out_sel_excl_ind,$F32, rng_out_sel_excl_yr_ind, ""), 0))/[1]Tables!$AT$4} -> #REF! | AS32: {=(SUMIFS(INDIRECT('[1]RA Output'!DB$1), rng_out_sel_sp_ind, $D32, rng_out_sel_excl_ind,$E32) + SUMIFS(INDIRECT('[1]RA Output'!DB$1), rng_out_sel_sp_ind, $D32, rng_out_sel_excl_ind,$F32, rng_out_sel_excl_yr_ind, ">0") + IF([1]Tables!$C$16=[1]Tables!$CF$4, SUMIFS(INDIRECT('[1]RA Output'!DB$1), rng_out_sel_sp_ind, $D32, rng_out_sel_excl_ind,$F32, rng_out_sel_excl_yr_ind, ""), 0))/[1]Tables!$AT$4} -> #REF! | AT32: {=(SUMIFS(INDIRECT('[1]RA Output'!DC$1), rng_out_sel_sp_ind, $D32, rng_out_sel_excl_ind,$E32) + SUMIFS(INDIRECT('[1]RA Output'!DC$1), rng_out_sel_sp_ind, $D32, rng_out_sel_excl_ind,$F32, rng_out_sel_excl_yr_ind, ">0") + IF([1]Tables!$C$16=[1]Tables!$CF$4, SUMIFS(INDIRECT('[1]RA Output'!DC$1), rng_out_sel_sp_ind, $D32, rng_out_sel_excl_ind,$F32, rng_out_sel_excl_yr_ind, ""), 0))/[1]Tables!$AT$4} -> #REF! | AU32: {=(SUMIFS(INDIRECT('[1]RA Output'!DD$1), rng_out_sel_sp_ind, $D32, rng_out_sel_excl_ind,$E32) + SUMIFS(INDIRECT('[1]RA Output'!DD$1), rng_out_sel_sp_ind, $D32, rng_out_sel_excl_ind,$F32, rng_out_sel_excl_yr_ind, ">0") + IF([1]Tables!$C$16=[1]Tables!$CF$4, SUMIFS(INDIRECT('[1]RA Output'!DD$1), rng_out_sel_sp_ind, $D32, rng_out_sel_excl_ind,$F32, rng_out_sel_excl_yr_ind, ""), 0))/[1]Tables!$AT$4} -> #REF! | AV32: =IFERROR(AQ32/AV$61, 0) -> 0 | AW32: =IFERROR(AR32/AW$61, 0) -> 0 | AX32: =IFERROR(AS32/AX$61, 0) -> 0 | AY32: =IFERROR(AT32/AY$61, 0) -> 0 | AZ32: =IFERROR(AU32/AZ$61, 0) -> 0 | BA32: =IFERROR(AQ32/BA$61, 0) -> 0 | BB32: =IFERROR(AR32/BB$61, 0) -> 0 | BC32: =IFERROR(AS32/BC$61, 0) -> 0 | BD32: =IFERROR(AT32/BD$61, 0) -> 0 | BE32: =IFERROR(AU32/BE$61, 0) -> 0 | BG32: Specialty | BH32: =AQ32*'[1]Lift Adjustment'!M$61 -> #REF! | BI32: =AR32*'[1]Lift Adjustment'!N$61 -> #REF! | BJ32: =AS32*'[1]Lift Adjustment'!O$61 -> #REF! | BK32: =AT32*'[1]Lift Adjustment'!P$61 -> #REF! | BL32: =AU32*'[1]Lift Adjustment'!Q$61 -> #REF! | BM32: =IFERROR(BH32/BM$61, 0) -> 0 | BN32: =IFERROR(BI32/BN$61, 0) -> 0 | BO32: =IFERROR(BJ32/BO$61, 0) -> 0 | BP32: =IFERROR(BK32/BP$61, 0) -> 0 | BQ32: =IFERROR(BL32/BQ$61, 0) -> 0 | BR32: =IFERROR(BH32/BR$61, 0) -> 0 | BS32: =IFERROR(BI32/BS$61, 0) -> 0 | BT32: =IFERROR(BJ32/BT$61, 0) -> 0 | BU32: =IFERROR(BK32/BU$61, 0) -> 0 | BV32: =IFERROR(BL32/BV$61, 0) -> 0 | BX32: Specialty | BY32: =CD32*CD61 -> #VALUE! | BZ32: =CE32*CE61 -> #VALUE! | CA32: =CF32*CF61 -> #VALUE! | CB32: =CG32*CG61 -> #VALUE! | CC32: =CH32*CH61 -> #VALUE! | CD32: =BM32-DC32 -> 0 | CE32: =BN32-DD32 -> 0 | CF32: =BO32-DE32 -> 0 | CG32: =BP32-DF32 -> 0 | CH32: =BQ32-DG32 -> 0 | CI32: =IFERROR(BY32/CI61, 0) -> 0 | CJ32: =IFERROR(BZ32/CJ61, 0) -> 0 | CK32: =IFERROR(CA32/CK61, 0) -> 0 | CL32: =IFERROR(CB32/CL61, 0) -> 0 | CM32: =IFERROR(CC32/CM61, 0) -> 0 | DC32: {=IFERROR(BM32-BM32*BR70*(1-INDEX([1]Tables!$EA$4:$EE$60,MATCH([1]Tables!$C$22&$BX32,[1]Tables!$EA$4:$EA$60,0),[1]Tables!$EE$1))*(1-DI32)/CD61, 0)} -> 0 | DD32: {=IFERROR(BN32-BN32*BS70*(1-INDEX([1]Tables!$EA$4:$EE$60,MATCH([1]Tables!$C$22&$BX32,[1]Tables!$EA$4:$EA$60,0),[1]Tables!$EE$1))*(1-DJ32)/CE61, 0)} -> 0 | DE32: {=IFERROR(BO32-BO32*BT70*(1-INDEX([1]Tables!$EA$4:$EE$60,MATCH([1]Tables!$C$22&$BX32,[1]Tables!$EA$4:$EA$60,0),[1]Tables!$EE$1))*(1-DK32)/CF61, 0)} -> 0 | DF32: {=IFERROR(BP32-BP32*BU70*(1-INDEX([1]Tables!$EA$4:$EE$60,MATCH([1]Tables!$C$22&$BX32,[1]Tables!$EA$4:$EA$60,0),[1]Tables!$EE$1))*(1-DL32)/CG61, 0)} -> 0 | DG32: {=IFERROR(BQ32-BQ32*BV70*(1-INDEX([1]Tables!$EA$4:$EE$60,MATCH([1]Tables!$C$22&$BX32,[1]Tables!$EA$4:$EA$60,0),[1]Tables!$EE$1))*(1-DM32)/CH61, 0)} -> 0 | DI32: {=IFERROR(((SUMPRODUCT((rng_out_sel_sp_ind = $D32) * (rng_out_sel_excl_ind = $E32) * (rng_out_ppl_post_yr1*rng_out_340B)) + IF([1]Tables!$C$16=[1]Tables!$CF$4, SUMPRODUCT((rng_out_sel_sp_ind = $D32) * (rng_out_sel_excl_ind = $F32) * (rng_out_ppl_post_yr1*rng_out_340B)), 0))/[1]Tables!$AT$4)/AQ32, 0)} -> 0 | DJ32: {=IFERROR(((SUMPRODUCT((rng_out_sel_sp_ind = $D32) * (rng_out_sel_excl_ind = $E32) * (rng_out_ppl_post_yr2*rng_out_340B)) + IF([1]Tables!$C$16=[1]Tables!$CF$4, SUMPRODUCT((rng_out_sel_sp_ind = $D32) * (rng_out_sel_excl_ind = $F32) * (rng_out_ppl_post_yr2*rng_out_340B)), 0))/[1]Tables!$AT$4)/AR32, 0)} -> 0 | DK32: {=IFERROR(((SUMPRODUCT((rng_out_sel_sp_ind = $D32) * (rng_out_sel_excl_ind = $E32) * (rng_out_ppl_post_yr3*rng_out_340B)) + IF([1]Tables!$C$16=[1]Tables!$CF$4, SUMPRODUCT((rng_out_sel_sp_ind = $D32) * (rng_out_sel_excl_ind = $F32) * (rng_out_ppl_post_yr3*rng_out_340B)), 0))/[1]Tables!$AT$4)/AS32, 0)} -> 0 | DL32: {=IFERROR(((SUMPRODUCT((rng_out_sel_sp_ind = $D32) * (rng_out_sel_excl_ind = $E32) * (rng_out_ppl_post_yr4*rng_out_340B)) + IF([1]Tables!$C$16=[1]Tables!$CF$4, SUMPRODUCT((rng_out_sel_sp_ind = $D32) * (rng_out_sel_excl_ind = $F32) * (rng_out_ppl_post_yr4*rng_out_340B)), 0))/[1]Tables!$AT$4)/AT32, 0)} -> 0 | DM32: {=IFERROR(((SUMPRODUCT((rng_out_sel_sp_ind = $D32) * (rng_out_sel_excl_ind = $E32) * (rng_out_ppl_post_yr5*rng_out_340B)) + IF([1]Tables!$C$16=[1]Tables!$CF$4, SUMPRODUCT((rng_out_sel_sp_ind = $D32) * (rng_out_sel_excl_ind = $F32) * (rng_out_ppl_post_yr5*rng_out_340B)), 0))/[1]Tables!$AT$4)/AU32, 0)} -> 0
H33: Total | I33: =SUM(I29:I32) -> #REF! | J33: =SUM(J29:J32) -> #REF! | K33: =SUM(K29:K32) -> #REF! | L33: =SUM(L29:L32) -> #REF! | M33: =SUM(M29:M32) -> #REF! | N33: =IFERROR(I33/N$62, 0) -> 0 | O33: =IFERROR(J33/O$62, 0) -> 0 | P33: =IFERROR(K33/P$62, 0) -> 0 | Q33: =IFERROR(L33/Q$62, 0) -> 0 | R33: =IFERROR(M33/R$62, 0) -> 0 | S33: =IFERROR(I33/S$62, 0) -> 0 | T33: =IFERROR(J33/T$62, 0) -> 0 | U33: =IFERROR(K33/U$62, 0) -> 0 | V33: =IFERROR(L33/V$62, 0) -> 0 | W33: =IFERROR(M33/W$62, 0) -> 0 | Y33: Total | Z33: =SUM(Z29:Z32) -> 0 | AA33: =SUM(AA29:AA32) -> 0 | AB33: =SUM(AB29:AB32) -> 0 | AC33: =SUM(AC29:AC32) -> 0 | AD33: =SUM(AD29:AD32) -> 0 | AE33: =IFERROR(N33/[1]Tables!$AT$4, 0) -> 0 | AF33: =IFERROR(O33/[1]Tables!$AT$4, 0) -> 0 | AG33: =IFERROR(P33/[1]Tables!$AT$4, 0) -> 0 | AH33: =IFERROR(Q33/[1]Tables!$AT$4, 0) -> 0 | AI33: =IFERROR(R33/[1]Tables!$AT$4, 0) -> 0 | AJ33: =IFERROR(S33/[1]Tables!$AT$4, 0) -> 0 | AK33: =IFERROR(T33/[1]Tables!$AT$4, 0) -> 0 | AL33: =IFERROR(U33/[1]Tables!$AT$4, 0) -> 0 | ... AN33: =IFERROR(W33/[1]Tables!$AT$4, 0) -> 0 | AP33: Total | AQ33: =SUM(AQ29:AQ32) -> #REF! | AR33: =SUM(AR29:AR32) -> #REF! | AS33: =SUM(AS29:AS32) -> #REF! | AT33: =SUM(AT29:AT32) -> #REF! | AU33: =SUM(AU29:AU32) -> #REF! | AV33: =IFERROR(AQ33/AV$62, 0) -> 0 | AW33: =IFERROR(AR33/AW$62, 0) -> 0 | AX33: =IFERROR(AS33/AX$62, 0) -> 0 | AY33: =IFERROR(AT33/AY$62, 0) -> 0 | AZ33: =IFERROR(AU33/AZ$62, 0) -> 0 | BA33: =IFERROR(AQ33/BA$62, 0) -> 0 | BB33: =IFERROR(AR33/BB$62, 0) -> 0 | BC33: =IFERROR(AS33/BC$62, 0) -> 0 | BD33: =IFERROR(AT33/BD$62, 0) -> 0 | BE33: =IFERROR(AU33/BE$62, 0) -> 0 | BG33: Total | BH33: =SUM(BH29:BH32) -> #REF! | BI33: =SUM(BI29:BI32) -> #REF! | BJ33: =SUM(BJ29:BJ32) -> #REF! | BK33: =SUM(BK29:BK32) -> #REF! | BL33: =SUM(BL29:BL32) -> #REF! | BM33: =IFERROR(BH33/BM$62, 0) -> 0 | BN33: =IFERROR(BI33/BN$62, 0) -> 0 | BO33: =IFERROR(BJ33/BO$62, 0) -> 0 | BP33: =IFERROR(BK33/BP$62, 0) -> 0 | BQ33: =IFERROR(BL33/BQ$62, 0) -> 0 | BR33: =IFERROR(BH33/BR$62, 0) -> 0 | BS33: =IFERROR(BI33/BS$62, 0) -> 0 | BT33: =IFERROR(BJ33/BT$62, 0) -> 0 | BU33: =IFERROR(BK33/BU$62, 0) -> 0 | BV33: =IFERROR(BL33/BV$62, 0) -> 0 | BX33: Total | BY33: =SUM(BY29:BY32) -> #VALUE! | BZ33: =SUM(BZ29:BZ32) -> #VALUE! | CA33: =SUM(CA29:CA32) -> #VALUE! | CB33: =SUM(CB29:CB32) -> #VALUE! | CC33: =SUM(CC29:CC32) -> #VALUE! | CD33: =IFERROR(BY33/CD62, 0) -> 0 | CE33: =IFERROR(BZ33/CE62, 0) -> 0 | CF33: =IFERROR(CA33/CF62, 0) -> 0 | CG33: =IFERROR(CB33/CG62, 0) -> 0 | CH33: =IFERROR(CC33/CH62, 0) -> 0 | CI33: =IFERROR(BY33/CI62, 0) -> 0 | CJ33: =IFERROR(BZ33/CJ62, 0) -> 0 | CK33: =IFERROR(CA33/CK62, 0) -> 0 | CL33: =IFERROR(CB33/CL62, 0) -> 0 | CM33: =IFERROR(CC33/CM62, 0) -> 0
I35: PPA | Z35: PPA | AQ35: PPA | BH35: PPA | BY35: PPA | DC35: PPA | DI35: PPA
I36: Total $ | N36: Per Brand Script | S36: Per Total Script | Z36: Total $ | AE36: Per Brand Script | AJ36: Per Total Script | AQ36: Total $ | AV36: Per Brand Script | BA36: Per Total Script | BH36: Total $ | BM36: Per Brand Script | BR36: Per Total Script | BY36: Total $ | CD36: Per Brand Script | CI36: Per Total Script | DC36: Rejection Rate Adj | DI36: 340B Rejection Rate
I37: =[1]Tables!$AA$4 -> 07/27 - 06/28 | J37: =[1]Tables!$AA$5 -> 07/28 - 06/29 | K37: =[1]Tables!$AA$6 -> 07/29 - 06/30 | L37: =[1]Tables!$AA$7 -> 07/30 - 06/31 | M37: =[1]Tables!$AA$8 -> 07/31 - 06/32 | N37: =[1]Tables!$AA$4 -> 07/27 - 06/28 | O37: =[1]Tables!$AA$5 -> 07/28 - 06/29 | P37: =[1]Tables!$AA$6 -> 07/29 - 06/30 | Q37: =[1]Tables!$AA$7 -> 07/30 - 06/31 | R37: =[1]Tables!$AA$8 -> 07/31 - 06/32 | S37: =[1]Tables!$AA$4 -> 07/27 - 06/28 | T37: =[1]Tables!$AA$5 -> 07/28 - 06/29 | U37: =[1]Tables!$AA$6 -> 07/29 - 06/30 | V37: =[1]Tables!$AA$7 -> 07/30 - 06/31 | W37: =[1]Tables!$AA$8 -> 07/31 - 06/32 | Z37: =[1]Tables!$AA$4 -> 07/27 - 06/28 | AA37: =[1]Tables!$AA$5 -> 07/28 - 06/29 | AB37: =[1]Tables!$AA$6 -> 07/29 - 06/30 | AC37: =[1]Tables!$AA$7 -> 07/30 - 06/31 | AD37: =[1]Tables!$AA$8 -> 07/31 - 06/32 | AE37: =[1]Tables!$AA$4 -> 07/27 - 06/28 | AF37: =[1]Tables!$AA$5 -> 07/28 - 06/29 | AG37: =[1]Tables!$AA$6 -> 07/29 - 06/30 | AH37: =[1]Tables!$AA$7 -> 07/30 - 06/31 | AI37: =[1]Tables!$AA$8 -> 07/31 - 06/32 | AJ37: =[1]Tables!$AA$4 -> 07/27 - 06/28 | AK37: =[1]Tables!$AA$5 -> 07/28 - 06/29 | AL37: =[1]Tables!$AA$6 -> 07/29 - 06/30 | AM37: =[1]Tables!$AA$7 -> 07/30 - 06/31 | AN37: =[1]Tables!$AA$8 -> 07/31 - 06/32 | AQ37: =[1]Tables!$AA$4 -> 07/27 - 06/28 | AR37: =[1]Tables!$AA$5 -> 07/28 - 06/29 | AS37: =[1]Tables!$AA$6 -> 07/29 - 06/30 | AT37: =[1]Tables!$AA$7 -> 07/30 - 06/31 | AU37: =[1]Tables!$AA$8 -> 07/31 - 06/32 | AV37: =[1]Tables!$AA$4 -> 07/27 - 06/28 | AW37: =[1]Tables!$AA$5 -> 07/28 - 06/29 | AX37: =[1]Tables!$AA$6 -> 07/29 - 06/30 | AY37: =[1]Tables!$AA$7 -> 07/30 - 06/31 | AZ37: =[1]Tables!$AA$8 -> 07/31 - 06/32 | BA37: =[1]Tables!$AA$4 -> 07/27 - 06/28 | BB37: =[1]Tables!$AA$5 -> 07/28 - 06/29 | BC37: =[1]Tables!$AA$6 -> 07/29 - 06/30 | BD37: =[1]Tables!$AA$7 -> 07/30 - 06/31 | BE37: =[1]Tables!$AA$8 -> 07/31 - 06/32 | BH37: =[1]Tables!$AA$4 -> 07/27 - 06/28 | BI37: =[1]Tables!$AA$5 -> 07/28 - 06/29 | BJ37: =[1]Tables!$AA$6 -> 07/29 - 06/30 | BK37: =[1]Tables!$AA$7 -> 07/30 - 06/31 | BL37: =[1]Tables!$AA$8 -> 07/31 - 06/32 | BM37: =[1]Tables!$AA$4 -> 07/27 - 06/28 | BN37: =[1]Tables!$AA$5 -> 07/28 - 06/29 | BO37: =[1]Tables!$AA$6 -> 07/29 - 06/30 | BP37: =[1]Tables!$AA$7 -> 07/30 - 06/31 | BQ37: =[1]Tables!$AA$8 -> 07/31 - 06/32 | BR37: =[1]Tables!$AA$4 -> 07/27 - 06/28 | BS37: =[1]Tables!$AA$5 -> 07/28 - 06/29 | BT37: =[1]Tables!$AA$6 -> 07/29 - 06/30 | BU37: =[1]Tables!$AA$7 -> 07/30 - 06/31 | BV37: =[1]Tables!$AA$8 -> 07/31 - 06/32 | BY37: =[1]Tables!$AA$4 -> 07/27 - 06/28 | BZ37: =[1]Tables!$AA$5 -> 07/28 - 06/29 | CA37: =[1]Tables!$AA$6 -> 07/29 - 06/30 | CB37: =[1]Tables!$AA$7 -> 07/30 - 06/31 | CC37: =[1]Tables!$AA$8 -> 07/31 - 06/32 | CD37: =[1]Tables!$AA$4 -> 07/27 - 06/28 | CE37: =[1]Tables!$AA$5 -> 07/28 - 06/29 | CF37: =[1]Tables!$AA$6 -> 07/29 - 06/30 | CG37: =[1]Tables!$AA$7 -> 07/30 - 06/31 | CH37: =[1]Tables!$AA$8 -> 07/31 - 06/32 | CI37: =[1]Tables!$AA$4 -> 07/27 - 06/28 | CJ37: =[1]Tables!$AA$5 -> 07/28 - 06/29 | CK37: =[1]Tables!$AA$6 -> 07/29 - 06/30 | CL37: =[1]Tables!$AA$7 -> 07/30 - 06/31 | CM37: =[1]Tables!$AA$8 -> 07/31 - 06/32 | DC37: =[1]Tables!$AA$4 -> 07/27 - 06/28 | DD37: =[1]Tables!$AA$5 -> 07/28 - 06/29 | DE37: =[1]Tables!$AA$6 -> 07/29 - 06/30 | DF37: =[1]Tables!$AA$7 -> 07/30 - 06/31 | DG37: =[1]Tables!$AA$8 -> 07/31 - 06/32 | DI37: =[1]Tables!$AA$4 -> 07/27 - 06/28 | DJ37: =[1]Tables!$AA$5 -> 07/28 - 06/29 | DK37: =[1]Tables!$AA$6 -> 07/29 - 06/30 | DL37: =[1]Tables!$AA$7 -> 07/30 - 06/31 | DM37: =[1]Tables!$AA$8 -> 07/31 - 06/32
B38: R | C38: 30 | D38: N | E38: N | F38: Y | H38: Retail 30 | I38: {=SUMIFS(INDIRECT('[1]RA Output'!CE$1), rng_out_mail_ind, $B38, rng_out_ds, $C38, rng_out_sel_sp_ind, $D38, rng_out_sel_excl_ind,$E38) + SUMIFS(INDIRECT('[1]RA Output'!CE$1), rng_out_mail_ind, $B38, rng_out_ds, $C38, rng_out_sel_sp_ind, $D38, rng_out_sel_excl_ind,$F38, rng_out_sel_excl_yr_ind, ">0", rng_out_sel_excl_ind,$F38) + IF([1]Tables!$C$16=[1]Tables!$CF$4, SUMIFS(INDIRECT('[1]RA Output'!CE$1), rng_out_mail_ind, $B38, rng_out_ds, $C38, rng_out_sel_sp_ind, $D38, rng_out_sel_excl_ind,$F38,rng_out_sel_excl_yr_ind, ""), 0)} -> #REF! | J38: {=SUMIFS(INDIRECT('[1]RA Output'!CF$1), rng_out_mail_ind, $B38, rng_out_ds, $C38, rng_out_sel_sp_ind, $D38, rng_out_sel_excl_ind,$E38) + SUMIFS(INDIRECT('[1]RA Output'!CF$1), rng_out_mail_ind, $B38, rng_out_ds, $C38, rng_out_sel_sp_ind, $D38, rng_out_sel_excl_ind,$F38, rng_out_sel_excl_yr_ind, ">0", rng_out_sel_excl_ind,$F38) + IF([1]Tables!$C$16=[1]Tables!$CF$4, SUMIFS(INDIRECT('[1]RA Output'!CF$1), rng_out_mail_ind, $B38, rng_out_ds, $C38, rng_out_sel_sp_ind, $D38, rng_out_sel_excl_ind,$F38,rng_out_sel_excl_yr_ind, ""), 0)} -> #REF! | K38: {=SUMIFS(INDIRECT('[1]RA Output'!CG$1), rng_out_mail_ind, $B38, rng_out_ds, $C38, rng_out_sel_sp_ind, $D38, rng_out_sel_excl_ind,$E38) + SUMIFS(INDIRECT('[1]RA Output'!CG$1), rng_out_mail_ind, $B38, rng_out_ds, $C38, rng_out_sel_sp_ind, $D38, rng_out_sel_excl_ind,$F38, rng_out_sel_excl_yr_ind, ">0", rng_out_sel_excl_ind,$F38) + IF([1]Tables!$C$16=[1]Tables!$CF$4, SUMIFS(INDIRECT('[1]RA Output'!CG$1), rng_out_mail_ind, $B38, rng_out_ds, $C38, rng_out_sel_sp_ind, $D38, rng_out_sel_excl_ind,$F38,rng_out_sel_excl_yr_ind, ""), 0)} -> #REF! | L38: {=SUMIFS(INDIRECT('[1]RA Output'!CH$1), rng_out_mail_ind, $B38, rng_out_ds, $C38, rng_out_sel_sp_ind, $D38, rng_out_sel_excl_ind,$E38) + SUMIFS(INDIRECT('[1]RA Output'!CH$1), rng_out_mail_ind, $B38, rng_out_ds, $C38, rng_out_sel_sp_ind, $D38, rng_out_sel_excl_ind,$F38, rng_out_sel_excl_yr_ind, ">0", rng_out_sel_excl_ind,$F38) + IF([1]Tables!$C$16=[1]Tables!$CF$4, SUMIFS(INDIRECT('[1]RA Output'!CH$1), rng_out_mail_ind, $B38, rng_out_ds, $C38, rng_out_sel_sp_ind, $D38, rng_out_sel_excl_ind,$F38,rng_out_sel_excl_yr_ind, ""), 0)} -> #REF! | M38: {=SUMIFS(INDIRECT('[1]RA Output'!CI$1), rng_out_mail_ind, $B38, rng_out_ds, $C38, rng_out_sel_sp_ind, $D38, rng_out_sel_excl_ind,$E38) + SUMIFS(INDIRECT('[1]RA Output'!CI$1), rng_out_mail_ind, $B38, rng_out_ds, $C38, rng_out_sel_sp_ind, $D38, rng_out_sel_excl_ind,$F38, rng_out_sel_excl_yr_ind, ">0", rng_out_sel_excl_ind,$F38) + IF([1]Tables!$C$16=[1]Tables!$CF$4, SUMIFS(INDIRECT('[1]RA Output'!CI$1), rng_out_mail_ind, $B38, rng_out_ds, $C38, rng_out_sel_sp_ind, $D38, rng_out_sel_excl_ind,$F38,rng_out_sel_excl_yr_ind, ""), 0)} -> #REF! | N38: =IFERROR(I38/N$58, 0) -> 0 | O38: =IFERROR(J38/O$58, 0) -> 0 | P38: =IFERROR(K38/P$58, 0) -> 0 | Q38: =IFERROR(L38/Q$58, 0) -> 0 | R38: =IFERROR(M38/R$58, 0) -> 0 | S38: =IFERROR(I38/S$58, 0) -> 0 | T38: =IFERROR(J38/T$58, 0) -> 0 | U38: =IFERROR(K38/U$58, 0) -> 0 | V38: =IFERROR(L38/V$58, 0) -> 0 | W38: =IFERROR(M38/W$58, 0) -> 0 | Y38: Retail 30 | Z38: =IFERROR(I38/[1]Tables!$AT$4, 0) -> 0 | AA38: =IFERROR(J38/[1]Tables!$AT$4, 0) -> 0 | AB38: =IFERROR(K38/[1]Tables!$AT$4, 0) -> 0 | AC38: =IFERROR(L38/[1]Tables!$AT$4, 0) -> 0 | AD38: =IFERROR(M38/[1]Tables!$AT$4, 0) -> 0 | AE38: =IFERROR(N38/[1]Tables!$AT$4, 0) -> 0 | AF38: =IFERROR(O38/[1]Tables!$AT$4, 0) -> 0 | AG38: =IFERROR(P38/[1]Tables!$AT$4, 0) -> 0 | ... AN38: =IFERROR(W38/[1]Tables!$AT$4, 0) -> 0 | AP38: Retail 30 | AQ38: {=(SUMIFS(INDIRECT('[1]RA Output'!DE$1), rng_out_mail_ind, $B38, rng_out_ds, $C38, rng_out_sel_sp_ind, $D38, rng_out_sel_excl_ind,$E38) + SUMIFS(INDIRECT('[1]RA Output'!DE$1), rng_out_mail_ind, $B38, rng_out_ds, $C38, rng_out_sel_sp_ind, $D38, rng_out_sel_excl_ind,$F38, rng_out_sel_excl_yr_ind, ">0", rng_out_sel_excl_ind,$F38) + IF([1]Tables!$C$16=[1]Tables!$CF$4, SUMIFS(INDIRECT('[1]RA Output'!DE$1), rng_out_mail_ind, $B38, rng_out_ds, $C38, rng_out_sel_sp_ind, $D38, rng_out_sel_excl_ind,$F38,rng_out_sel_excl_yr_ind, ""), 0))/[1]Tables!$AT$4} -> #REF! | AR38: {=(SUMIFS(INDIRECT('[1]RA Output'!DF$1), rng_out_mail_ind, $B38, rng_out_ds, $C38, rng_out_sel_sp_ind, $D38, rng_out_sel_excl_ind,$E38) + SUMIFS(INDIRECT('[1]RA Output'!DF$1), rng_out_mail_ind, $B38, rng_out_ds, $C38, rng_out_sel_sp_ind, $D38, rng_out_sel_excl_ind,$F38, rng_out_sel_excl_yr_ind, ">0", rng_out_sel_excl_ind,$F38) + IF([1]Tables!$C$16=[1]Tables!$CF$4, SUMIFS(INDIRECT('[1]RA Output'!DF$1), rng_out_mail_ind, $B38, rng_out_ds, $C38, rng_out_sel_sp_ind, $D38, rng_out_sel_excl_ind,$F38,rng_out_sel_excl_yr_ind, ""), 0))/[1]Tables!$AT$4} -> #REF! | AS38: {=(SUMIFS(INDIRECT('[1]RA Output'!DG$1), rng_out_mail_ind, $B38, rng_out_ds, $C38, rng_out_sel_sp_ind, $D38, rng_out_sel_excl_ind,$E38) + SUMIFS(INDIRECT('[1]RA Output'!DG$1), rng_out_mail_ind, $B38, rng_out_ds, $C38, rng_out_sel_sp_ind, $D38, rng_out_sel_excl_ind,$F38, rng_out_sel_excl_yr_ind, ">0", rng_out_sel_excl_ind,$F38) + IF([1]Tables!$C$16=[1]Tables!$CF$4, SUMIFS(INDIRECT('[1]RA Output'!DG$1), rng_out_mail_ind, $B38, rng_out_ds, $C38, rng_out_sel_sp_ind, $D38, rng_out_sel_excl_ind,$F38,rng_out_sel_excl_yr_ind, ""), 0))/[1]Tables!$AT$4} -> #REF! | AT38: {=(SUMIFS(INDIRECT('[1]RA Output'!DH$1), rng_out_mail_ind, $B38, rng_out_ds, $C38, rng_out_sel_sp_ind, $D38, rng_out_sel_excl_ind,$E38) + SUMIFS(INDIRECT('[1]RA Output'!DH$1), rng_out_mail_ind, $B38, rng_out_ds, $C38, rng_out_sel_sp_ind, $D38, rng_out_sel_excl_ind,$F38, rng_out_sel_excl_yr_ind, ">0", rng_out_sel_excl_ind,$F38) + IF([1]Tables!$C$16=[1]Tables!$CF$4, SUMIFS(INDIRECT('[1]RA Output'!DH$1), rng_out_mail_ind, $B38, rng_out_ds, $C38, rng_out_sel_sp_ind, $D38, rng_out_sel_excl_ind,$F38,rng_out_sel_excl_yr_ind, ""), 0))/[1]Tables!$AT$4} -> #REF! | AU38: {=(SUMIFS(INDIRECT('[1]RA Output'!DI$1), rng_out_mail_ind, $B38, rng_out_ds, $C38, rng_out_sel_sp_ind, $D38, rng_out_sel_excl_ind,$E38) + SUMIFS(INDIRECT('[1]RA Output'!DI$1), rng_out_mail_ind, $B38, rng_out_ds, $C38, rng_out_sel_sp_ind, $D38, rng_out_sel_excl_ind,$F38, rng_out_sel_excl_yr_ind, ">0", rng_out_sel_excl_ind,$F38) + IF([1]Tables!$C$16=[1]Tables!$CF$4, SUMIFS(INDIRECT('[1]RA Output'!DI$1), rng_out_mail_ind, $B38, rng_out_ds, $C38, rng_out_sel_sp_ind, $D38, rng_out_sel_excl_ind,$F38,rng_out_sel_excl_yr_ind, ""), 0))/[1]Tables!$AT$4} -> #REF! | AV38: =IFERROR(AQ38/AV$58, 0) -> 0 | AW38: =IFERROR(AR38/AW$58, 0) -> 0 | AX38: =IFERROR(AS38/AX$58, 0) -> 0 | AY38: =IFERROR(AT38/AY$58, 0) -> 0 | AZ38: =IFERROR(AU38/AZ$58, 0) -> 0 | BA38: =IFERROR(AQ38/BA$58, 0) -> 0 | BB38: =IFERROR(AR38/BB$58, 0) -> 0 | BC38: =IFERROR(AS38/BC$58, 0) -> 0 | BD38: =IFERROR(AT38/BD$58, 0) -> 0 | BE38: =IFERROR(AU38/BE$58, 0) -> 0 | BG38: Retail 30 | BH38: =AQ38*'[1]Lift Adjustment'!M$58 -> #REF! | BI38: =AR38*'[1]Lift Adjustment'!N$58 -> #REF! | BJ38: =AS38*'[1]Lift Adjustment'!O$58 -> #REF! | BK38: =AT38*'[1]Lift Adjustment'!P$58 -> #REF! | BL38: =AU38*'[1]Lift Adjustment'!Q$58 -> #REF! | BM38: =IFERROR(BH38/BM$58, 0) -> 0 | BN38: =IFERROR(BI38/BN$58, 0) -> 0 | BO38: =IFERROR(BJ38/BO$58, 0) -> 0 | BP38: =IFERROR(BK38/BP$58, 0) -> 0 | BQ38: =IFERROR(BL38/BQ$58, 0) -> 0 | BR38: =IFERROR(BH38/BR$58, 0) -> 0 | BS38: =IFERROR(BI38/BS$58, 0) -> 0 | BT38: =IFERROR(BJ38/BT$58, 0) -> 0 | BU38: =IFERROR(BK38/BU$58, 0) -> 0 | BV38: =IFERROR(BL38/BV$58, 0) -> 0 | BX38: Retail 30 | BY38: =CD38*CD58 -> #VALUE! | BZ38: =CE38*CE58 -> #VALUE! | CA38: =CF38*CF58 -> #VALUE! | CB38: =CG38*CG58 -> #VALUE! | CC38: =CH38*CH58 -> #VALUE! | CD38: =BM38-DC38 -> 0 | CE38: =BN38-DD38 -> 0 | CF38: =BO38-DE38 -> 0 | CG38: =BP38-DF38 -> 0 | CH38: =BQ38-DG38 -> 0 | CI38: =IFERROR(BY38/CI58, 0) -> 0 | CJ38: =IFERROR(BZ38/CJ58, 0) -> 0 | CK38: =IFERROR(CA38/CK58, 0) -> 0 | CL38: =IFERROR(CB38/CL58, 0) -> 0 | CM38: =IFERROR(CC38/CM58, 0) -> 0 | DC38: {=IFERROR(BM38-BM38*BR67*(1-INDEX([1]Tables!$EA$4:$EE$60,MATCH([1]Tables!$C$22&$BX38,[1]Tables!$EA$4:$EA$60,0),[1]Tables!$EE$1))*(1-DI38)/CD58, 0)} -> 0 | DD38: {=IFERROR(BN38-BN38*BS67*(1-INDEX([1]Tables!$EA$4:$EE$60,MATCH([1]Tables!$C$22&$BX38,[1]Tables!$EA$4:$EA$60,0),[1]Tables!$EE$1))*(1-DJ38)/CE58, 0)} -> 0 | DE38: {=IFERROR(BO38-BO38*BT67*(1-INDEX([1]Tables!$EA$4:$EE$60,MATCH([1]Tables!$C$22&$BX38,[1]Tables!$EA$4:$EA$60,0),[1]Tables!$EE$1))*(1-DK38)/CF58, 0)} -> 0 | DF38: {=IFERROR(BP38-BP38*BU67*(1-INDEX([1]Tables!$EA$4:$EE$60,MATCH([1]Tables!$C$22&$BX38,[1]Tables!$EA$4:$EA$60,0),[1]Tables!$EE$1))*(1-DL38)/CG58, 0)} -> 0 | DG38: {=IFERROR(BQ38-BQ38*BV67*(1-INDEX([1]Tables!$EA$4:$EE$60,MATCH([1]Tables!$C$22&$BX38,[1]Tables!$EA$4:$EA$60,0),[1]Tables!$EE$1))*(1-DM38)/CH58, 0)} -> 0 | DI38: {=IFERROR(((SUMPRODUCT((rng_out_mail_ind = $B38) * (rng_out_ds = $C38) * (rng_out_sel_sp_ind = $D38) * (rng_out_sel_excl_ind = $E38) * (rng_out_ppa_post_yr1*rng_out_340B)) + IF([1]Tables!$C$16=[1]Tables!$CF$4, SUMPRODUCT((rng_out_mail_ind = $B38) * (rng_out_ds = $C38) * (rng_out_sel_sp_ind = $D38) * (rng_out_sel_excl_ind = $F38) * (rng_out_ppa_post_yr1*rng_out_340B)), 0))/[1]Tables!$AT$4)/AQ38, 0)} -> 0 | DJ38: {=IFERROR(((SUMPRODUCT((rng_out_mail_ind = $B38) * (rng_out_ds = $C38) * (rng_out_sel_sp_ind = $D38) * (rng_out_sel_excl_ind = $E38) * (rng_out_ppa_post_yr2*rng_out_340B)) + IF([1]Tables!$C$16=[1]Tables!$CF$4, SUMPRODUCT((rng_out_mail_ind = $B38) * (rng_out_ds = $C38) * (rng_out_sel_sp_ind = $D38) * (rng_out_sel_excl_ind = $F38) * (rng_out_ppa_post_yr2*rng_out_340B)), 0))/[1]Tables!$AT$4)/AR38, 0)} -> 0 | DK38: {=IFERROR(((SUMPRODUCT((rng_out_mail_ind = $B38) * (rng_out_ds = $C38) * (rng_out_sel_sp_ind = $D38) * (rng_out_sel_excl_ind = $E38) * (rng_out_ppa_post_yr3*rng_out_340B)) + IF([1]Tables!$C$16=[1]Tables!$CF$4, SUMPRODUCT((rng_out_mail_ind = $B38) * (rng_out_ds = $C38) * (rng_out_sel_sp_ind = $D38) * (rng_out_sel_excl_ind = $F38) * (rng_out_ppa_post_yr3*rng_out_340B)), 0))/[1]Tables!$AT$4)/AS38, 0)} -> 0 | DL38: {=IFERROR(((SUMPRODUCT((rng_out_mail_ind = $B38) * (rng_out_ds = $C38) * (rng_out_sel_sp_ind = $D38) * (rng_out_sel_excl_ind = $E38) * (rng_out_ppa_post_yr4*rng_out_340B)) + IF([1]Tables!$C$16=[1]Tables!$CF$4, SUMPRODUCT((rng_out_mail_ind = $B38) * (rng_out_ds = $C38) * (rng_out_sel_sp_ind = $D38) * (rng_out_sel_excl_ind = $F38) * (rng_out_ppa_post_yr4*rng_out_340B)), 0))/[1]Tables!$AT$4)/AT38, 0)} -> 0 | DM38: {=IFERROR(((SUMPRODUCT((rng_out_mail_ind = $B38) * (rng_out_ds = $C38) * (rng_out_sel_sp_ind = $D38) * (rng_out_sel_excl_ind = $E38) * (rng_out_ppa_post_yr5*rng_out_340B)) + IF([1]Tables!$C$16=[1]Tables!$CF$4, SUMPRODUCT((rng_out_mail_ind = $B38) * (rng_out_ds = $C38) * (rng_out_sel_sp_ind = $D38) * (rng_out_sel_excl_ind = $F38) * (rng_out_ppa_post_yr5*rng_out_340B)), 0))/[1]Tables!$AT$4)/AU38, 0)} -> 0
B39: R | C39: 90 | D39: N | E39: N | F39: Y | H39: Retail 90 | I39: {=SUMIFS(INDIRECT('[1]RA Output'!CE$1), rng_out_mail_ind, $B39, rng_out_ds, $C39, rng_out_sel_sp_ind, $D39, rng_out_sel_excl_ind,$E39) + SUMIFS(INDIRECT('[1]RA Output'!CE$1), rng_out_mail_ind, $B39, rng_out_ds, $C39, rng_out_sel_sp_ind, $D39, rng_out_sel_excl_ind,$F39, rng_out_sel_excl_yr_ind, ">0", rng_out_sel_excl_ind,$F39) + IF([1]Tables!$C$16=[1]Tables!$CF$4, SUMIFS(INDIRECT('[1]RA Output'!CE$1), rng_out_mail_ind, $B39, rng_out_ds, $C39, rng_out_sel_sp_ind, $D39, rng_out_sel_excl_ind,$F39,rng_out_sel_excl_yr_ind, ""), 0)} -> #REF! | J39: {=SUMIFS(INDIRECT('[1]RA Output'!CF$1), rng_out_mail_ind, $B39, rng_out_ds, $C39, rng_out_sel_sp_ind, $D39, rng_out_sel_excl_ind,$E39) + SUMIFS(INDIRECT('[1]RA Output'!CF$1), rng_out_mail_ind, $B39, rng_out_ds, $C39, rng_out_sel_sp_ind, $D39, rng_out_sel_excl_ind,$F39, rng_out_sel_excl_yr_ind, ">0", rng_out_sel_excl_ind,$F39) + IF([1]Tables!$C$16=[1]Tables!$CF$4, SUMIFS(INDIRECT('[1]RA Output'!CF$1), rng_out_mail_ind, $B39, rng_out_ds, $C39, rng_out_sel_sp_ind, $D39, rng_out_sel_excl_ind,$F39,rng_out_sel_excl_yr_ind, ""), 0)} -> #REF! | K39: {=SUMIFS(INDIRECT('[1]RA Output'!CG$1), rng_out_mail_ind, $B39, rng_out_ds, $C39, rng_out_sel_sp_ind, $D39, rng_out_sel_excl_ind,$E39) + SUMIFS(INDIRECT('[1]RA Output'!CG$1), rng_out_mail_ind, $B39, rng_out_ds, $C39, rng_out_sel_sp_ind, $D39, rng_out_sel_excl_ind,$F39, rng_out_sel_excl_yr_ind, ">0", rng_out_sel_excl_ind,$F39) + IF([1]Tables!$C$16=[1]Tables!$CF$4, SUMIFS(INDIRECT('[1]RA Output'!CG$1), rng_out_mail_ind, $B39, rng_out_ds, $C39, rng_out_sel_sp_ind, $D39, rng_out_sel_excl_ind,$F39,rng_out_sel_excl_yr_ind, ""), 0)} -> #REF! | L39: {=SUMIFS(INDIRECT('[1]RA Output'!CH$1), rng_out_mail_ind, $B39, rng_out_ds, $C39, rng_out_sel_sp_ind, $D39, rng_out_sel_excl_ind,$E39) + SUMIFS(INDIRECT('[1]RA Output'!CH$1), rng_out_mail_ind, $B39, rng_out_ds, $C39, rng_out_sel_sp_ind, $D39, rng_out_sel_excl_ind,$F39, rng_out_sel_excl_yr_ind, ">0", rng_out_sel_excl_ind,$F39) + IF([1]Tables!$C$16=[1]Tables!$CF$4, SUMIFS(INDIRECT('[1]RA Output'!CH$1), rng_out_mail_ind, $B39, rng_out_ds, $C39, rng_out_sel_sp_ind, $D39, rng_out_sel_excl_ind,$F39,rng_out_sel_excl_yr_ind, ""), 0)} -> #REF! | M39: {=SUMIFS(INDIRECT('[1]RA Output'!CI$1), rng_out_mail_ind, $B39, rng_out_ds, $C39, rng_out_sel_sp_ind, $D39, rng_out_sel_excl_ind,$E39) + SUMIFS(INDIRECT('[1]RA Output'!CI$1), rng_out_mail_ind, $B39, rng_out_ds, $C39, rng_out_sel_sp_ind, $D39, rng_out_sel_excl_ind,$F39, rng_out_sel_excl_yr_ind, ">0", rng_out_sel_excl_ind,$F39) + IF([1]Tables!$C$16=[1]Tables!$CF$4, SUMIFS(INDIRECT('[1]RA Output'!CI$1), rng_out_mail_ind, $B39, rng_out_ds, $C39, rng_out_sel_sp_ind, $D39, rng_out_sel_excl_ind,$F39,rng_out_sel_excl_yr_ind, ""), 0)} -> #REF! | N39: =IFERROR(I39/N$59, 0) -> 0 | O39: =IFERROR(J39/O$59, 0) -> 0 | P39: =IFERROR(K39/P$59, 0) -> 0 | Q39: =IFERROR(L39/Q$59, 0) -> 0 | R39: =IFERROR(M39/R$59, 0) -> 0 | S39: =IFERROR(I39/S$59, 0) -> 0 | T39: =IFERROR(J39/T$59, 0) -> 0 | U39: =IFERROR(K39/U$59, 0) -> 0 | V39: =IFERROR(L39/V$59, 0) -> 0 | W39: =IFERROR(M39/W$59, 0) -> 0 | Y39: Retail 90 | Z39: =IFERROR(I39/[1]Tables!$AT$4, 0) -> 0 | AA39: =IFERROR(J39/[1]Tables!$AT$4, 0) -> 0 | AB39: =IFERROR(K39/[1]Tables!$AT$4, 0) -> 0 | AC39: =IFERROR(L39/[1]Tables!$AT$4, 0) -> 0 | AD39: =IFERROR(M39/[1]Tables!$AT$4, 0) -> 0 | AE39: =IFERROR(N39/[1]Tables!$AT$4, 0) -> 0 | AF39: =IFERROR(O39/[1]Tables!$AT$4, 0) -> 0 | AG39: =IFERROR(P39/[1]Tables!$AT$4, 0) -> 0 | ... AN39: =IFERROR(W39/[1]Tables!$AT$4, 0) -> 0 | AP39: Retail 90 | AQ39: {=(SUMIFS(INDIRECT('[1]RA Output'!DE$1), rng_out_mail_ind, $B39, rng_out_ds, $C39, rng_out_sel_sp_ind, $D39, rng_out_sel_excl_ind,$E39) + SUMIFS(INDIRECT('[1]RA Output'!DE$1), rng_out_mail_ind, $B39, rng_out_ds, $C39, rng_out_sel_sp_ind, $D39, rng_out_sel_excl_ind,$F39, rng_out_sel_excl_yr_ind, ">0", rng_out_sel_excl_ind,$F39) + IF([1]Tables!$C$16=[1]Tables!$CF$4, SUMIFS(INDIRECT('[1]RA Output'!DE$1), rng_out_mail_ind, $B39, rng_out_ds, $C39, rng_out_sel_sp_ind, $D39, rng_out_sel_excl_ind,$F39,rng_out_sel_excl_yr_ind, ""), 0))/[1]Tables!$AT$4} -> #REF! | AR39: {=(SUMIFS(INDIRECT('[1]RA Output'!DF$1), rng_out_mail_ind, $B39, rng_out_ds, $C39, rng_out_sel_sp_ind, $D39, rng_out_sel_excl_ind,$E39) + SUMIFS(INDIRECT('[1]RA Output'!DF$1), rng_out_mail_ind, $B39, rng_out_ds, $C39, rng_out_sel_sp_ind, $D39, rng_out_sel_excl_ind,$F39, rng_out_sel_excl_yr_ind, ">0", rng_out_sel_excl_ind,$F39) + IF([1]Tables!$C$16=[1]Tables!$CF$4, SUMIFS(INDIRECT('[1]RA Output'!DF$1), rng_out_mail_ind, $B39, rng_out_ds, $C39, rng_out_sel_sp_ind, $D39, rng_out_sel_excl_ind,$F39,rng_out_sel_excl_yr_ind, ""), 0))/[1]Tables!$AT$4} -> #REF! | AS39: {=(SUMIFS(INDIRECT('[1]RA Output'!DG$1), rng_out_mail_ind, $B39, rng_out_ds, $C39, rng_out_sel_sp_ind, $D39, rng_out_sel_excl_ind,$E39) + SUMIFS(INDIRECT('[1]RA Output'!DG$1), rng_out_mail_ind, $B39, rng_out_ds, $C39, rng_out_sel_sp_ind, $D39, rng_out_sel_excl_ind,$F39, rng_out_sel_excl_yr_ind, ">0", rng_out_sel_excl_ind,$F39) + IF([1]Tables!$C$16=[1]Tables!$CF$4, SUMIFS(INDIRECT('[1]RA Output'!DG$1), rng_out_mail_ind, $B39, rng_out_ds, $C39, rng_out_sel_sp_ind, $D39, rng_out_sel_excl_ind,$F39,rng_out_sel_excl_yr_ind, ""), 0))/[1]Tables!$AT$4} -> #REF! | AT39: {=(SUMIFS(INDIRECT('[1]RA Output'!DH$1), rng_out_mail_ind, $B39, rng_out_ds, $C39, rng_out_sel_sp_ind, $D39, rng_out_sel_excl_ind,$E39) + SUMIFS(INDIRECT('[1]RA Output'!DH$1), rng_out_mail_ind, $B39, rng_out_ds, $C39, rng_out_sel_sp_ind, $D39, rng_out_sel_excl_ind,$F39, rng_out_sel_excl_yr_ind, ">0", rng_out_sel_excl_ind,$F39) + IF([1]Tables!$C$16=[1]Tables!$CF$4, SUMIFS(INDIRECT('[1]RA Output'!DH$1), rng_out_mail_ind, $B39, rng_out_ds, $C39, rng_out_sel_sp_ind, $D39, rng_out_sel_excl_ind,$F39,rng_out_sel_excl_yr_ind, ""), 0))/[1]Tables!$AT$4} -> #REF! | AU39: {=(SUMIFS(INDIRECT('[1]RA Output'!DI$1), rng_out_mail_ind, $B39, rng_out_ds, $C39, rng_out_sel_sp_ind, $D39, rng_out_sel_excl_ind,$E39) + SUMIFS(INDIRECT('[1]RA Output'!DI$1), rng_out_mail_ind, $B39, rng_out_ds, $C39, rng_out_sel_sp_ind, $D39, rng_out_sel_excl_ind,$F39, rng_out_sel_excl_yr_ind, ">0", rng_out_sel_excl_ind,$F39) + IF([1]Tables!$C$16=[1]Tables!$CF$4, SUMIFS(INDIRECT('[1]RA Output'!DI$1), rng_out_mail_ind, $B39, rng_out_ds, $C39, rng_out_sel_sp_ind, $D39, rng_out_sel_excl_ind,$F39,rng_out_sel_excl_yr_ind, ""), 0))/[1]Tables!$AT$4} -> #REF! | AV39: =IFERROR(AQ39/AV$59, 0) -> 0 | AW39: =IFERROR(AR39/AW$59, 0) -> 0 | AX39: =IFERROR(AS39/AX$59, 0) -> 0 | AY39: =IFERROR(AT39/AY$59, 0) -> 0 | AZ39: =IFERROR(AU39/AZ$59, 0) -> 0 | BA39: =IFERROR(AQ39/BA$59, 0) -> 0 | BB39: =IFERROR(AR39/BB$59, 0) -> 0 | BC39: =IFERROR(AS39/BC$59, 0) -> 0 | BD39: =IFERROR(AT39/BD$59, 0) -> 0 | BE39: =IFERROR(AU39/BE$59, 0) -> 0 | BG39: Retail 90 | BH39: =AQ39*'[1]Lift Adjustment'!M$59 -> #REF! | BI39: =AR39*'[1]Lift Adjustment'!N$59 -> #REF! | BJ39: =AS39*'[1]Lift Adjustment'!O$59 -> #REF! | BK39: =AT39*'[1]Lift Adjustment'!P$59 -> #REF! | BL39: =AU39*'[1]Lift Adjustment'!Q$59 -> #REF! | BM39: =IFERROR(BH39/BM$59, 0) -> 0 | BN39: =IFERROR(BI39/BN$59, 0) -> 0 | BO39: =IFERROR(BJ39/BO$59, 0) -> 0 | BP39: =IFERROR(BK39/BP$59, 0) -> 0 | BQ39: =IFERROR(BL39/BQ$59, 0) -> 0 | BR39: =IFERROR(BH39/BR$59, 0) -> 0 | BS39: =IFERROR(BI39/BS$59, 0) -> 0 | BT39: =IFERROR(BJ39/BT$59, 0) -> 0 | BU39: =IFERROR(BK39/BU$59, 0) -> 0 | BV39: =IFERROR(BL39/BV$59, 0) -> 0 | BX39: Retail 90 | BY39: =CD39*CD59 -> #VALUE! | BZ39: =CE39*CE59 -> #VALUE! | CA39: =CF39*CF59 -> #VALUE! | CB39: =CG39*CG59 -> #VALUE! | CC39: =CH39*CH59 -> #VALUE! | CD39: =BM39-DC39 -> 0 | CE39: =BN39-DD39 -> 0 | CF39: =BO39-DE39 -> 0 | CG39: =BP39-DF39 -> 0 | CH39: =BQ39-DG39 -> 0 | CI39: =IFERROR(BY39/CI59, 0) -> 0 | CJ39: =IFERROR(BZ39/CJ59, 0) -> 0 | CK39: =IFERROR(CA39/CK59, 0) -> 0 | CL39: =IFERROR(CB39/CL59, 0) -> 0 | CM39: =IFERROR(CC39/CM59, 0) -> 0 | DC39: {=IFERROR(BM39-BM39*BR68*(1-INDEX([1]Tables!$EA$4:$EE$60,MATCH([1]Tables!$C$22&$BX39,[1]Tables!$EA$4:$EA$60,0),[1]Tables!$EE$1))*(1-DI39)/CD59, 0)} -> 0 | DD39: {=IFERROR(BN39-BN39*BS68*(1-INDEX([1]Tables!$EA$4:$EE$60,MATCH([1]Tables!$C$22&$BX39,[1]Tables!$EA$4:$EA$60,0),[1]Tables!$EE$1))*(1-DJ39)/CE59, 0)} -> 0 | DE39: {=IFERROR(BO39-BO39*BT68*(1-INDEX([1]Tables!$EA$4:$EE$60,MATCH([1]Tables!$C$22&$BX39,[1]Tables!$EA$4:$EA$60,0),[1]Tables!$EE$1))*(1-DK39)/CF59, 0)} -> 0 | DF39: {=IFERROR(BP39-BP39*BU68*(1-INDEX([1]Tables!$EA$4:$EE$60,MATCH([1]Tables!$C$22&$BX39,[1]Tables!$EA$4:$EA$60,0),[1]Tables!$EE$1))*(1-DL39)/CG59, 0)} -> 0 | DG39: {=IFERROR(BQ39-BQ39*BV68*(1-INDEX([1]Tables!$EA$4:$EE$60,MATCH([1]Tables!$C$22&$BX39,[1]Tables!$EA$4:$EA$60,0),[1]Tables!$EE$1))*(1-DM39)/CH59, 0)} -> 0 | DI39: {=IFERROR(((SUMPRODUCT((rng_out_mail_ind = $B39) * (rng_out_ds = $C39) * (rng_out_sel_sp_ind = $D39) * (rng_out_sel_excl_ind = $E39) * (rng_out_ppa_post_yr1*rng_out_340B)) + IF([1]Tables!$C$16=[1]Tables!$CF$4, SUMPRODUCT((rng_out_mail_ind = $B39) * (rng_out_ds = $C39) * (rng_out_sel_sp_ind = $D39) * (rng_out_sel_excl_ind = $F39) * (rng_out_ppa_post_yr1*rng_out_340B)), 0))/[1]Tables!$AT$4)/AQ39, 0)} -> 0 | DJ39: {=IFERROR(((SUMPRODUCT((rng_out_mail_ind = $B39) * (rng_out_ds = $C39) * (rng_out_sel_sp_ind = $D39) * (rng_out_sel_excl_ind = $E39) * (rng_out_ppa_post_yr2*rng_out_340B)) + IF([1]Tables!$C$16=[1]Tables!$CF$4, SUMPRODUCT((rng_out_mail_ind = $B39) * (rng_out_ds = $C39) * (rng_out_sel_sp_ind = $D39) * (rng_out_sel_excl_ind = $F39) * (rng_out_ppa_post_yr2*rng_out_340B)), 0))/[1]Tables!$AT$4)/AR39, 0)} -> 0 | DK39: {=IFERROR(((SUMPRODUCT((rng_out_mail_ind = $B39) * (rng_out_ds = $C39) * (rng_out_sel_sp_ind = $D39) * (rng_out_sel_excl_ind = $E39) * (rng_out_ppa_post_yr3*rng_out_340B)) + IF([1]Tables!$C$16=[1]Tables!$CF$4, SUMPRODUCT((rng_out_mail_ind = $B39) * (rng_out_ds = $C39) * (rng_out_sel_sp_ind = $D39) * (rng_out_sel_excl_ind = $F39) * (rng_out_ppa_post_yr3*rng_out_340B)), 0))/[1]Tables!$AT$4)/AS39, 0)} -> 0 | DL39: {=IFERROR(((SUMPRODUCT((rng_out_mail_ind = $B39) * (rng_out_ds = $C39) * (rng_out_sel_sp_ind = $D39) * (rng_out_sel_excl_ind = $E39) * (rng_out_ppa_post_yr4*rng_out_340B)) + IF([1]Tables!$C$16=[1]Tables!$CF$4, SUMPRODUCT((rng_out_mail_ind = $B39) * (rng_out_ds = $C39) * (rng_out_sel_sp_ind = $D39) * (rng_out_sel_excl_ind = $F39) * (rng_out_ppa_post_yr4*rng_out_340B)), 0))/[1]Tables!$AT$4)/AT39, 0)} -> 0 | DM39: {=IFERROR(((SUMPRODUCT((rng_out_mail_ind = $B39) * (rng_out_ds = $C39) * (rng_out_sel_sp_ind = $D39) * (rng_out_sel_excl_ind = $E39) * (rng_out_ppa_post_yr5*rng_out_340B)) + IF([1]Tables!$C$16=[1]Tables!$CF$4, SUMPRODUCT((rng_out_mail_ind = $B39) * (rng_out_ds = $C39) * (rng_out_sel_sp_ind = $D39) * (rng_out_sel_excl_ind = $F39) * (rng_out_ppa_post_yr5*rng_out_340B)), 0))/[1]Tables!$AT$4)/AU39, 0)} -> 0
B40: M | D40: N | E40: N | F40: Y | H40: Mail | I40: {=SUMIFS(INDIRECT('[1]RA Output'!CE$1), rng_out_mail_ind, $B40, rng_out_sel_sp_ind, $D40, rng_out_sel_excl_ind,$E40) + SUMIFS(INDIRECT('[1]RA Output'!CE$1), rng_out_mail_ind, $B40, rng_out_sel_sp_ind, $D40, rng_out_sel_excl_ind,$F40, rng_out_sel_excl_yr_ind, ">0") + IF([1]Tables!$C$16=[1]Tables!$CF$4, SUMIFS(INDIRECT('[1]RA Output'!CE$1), rng_out_mail_ind, $B40, rng_out_sel_sp_ind, $D40, rng_out_sel_excl_ind,$F40,rng_out_sel_excl_yr_ind, ""), 0)} -> #REF! | J40: {=SUMIFS(INDIRECT('[1]RA Output'!CF$1), rng_out_mail_ind, $B40, rng_out_sel_sp_ind, $D40, rng_out_sel_excl_ind,$E40) + SUMIFS(INDIRECT('[1]RA Output'!CF$1), rng_out_mail_ind, $B40, rng_out_sel_sp_ind, $D40, rng_out_sel_excl_ind,$F40, rng_out_sel_excl_yr_ind, ">0") + IF([1]Tables!$C$16=[1]Tables!$CF$4, SUMIFS(INDIRECT('[1]RA Output'!CF$1), rng_out_mail_ind, $B40, rng_out_sel_sp_ind, $D40, rng_out_sel_excl_ind,$F40,rng_out_sel_excl_yr_ind, ""), 0)} -> #REF! | K40: {=SUMIFS(INDIRECT('[1]RA Output'!CG$1), rng_out_mail_ind, $B40, rng_out_sel_sp_ind, $D40, rng_out_sel_excl_ind,$E40) + SUMIFS(INDIRECT('[1]RA Output'!CG$1), rng_out_mail_ind, $B40, rng_out_sel_sp_ind, $D40, rng_out_sel_excl_ind,$F40, rng_out_sel_excl_yr_ind, ">0") + IF([1]Tables!$C$16=[1]Tables!$CF$4, SUMIFS(INDIRECT('[1]RA Output'!CG$1), rng_out_mail_ind, $B40, rng_out_sel_sp_ind, $D40, rng_out_sel_excl_ind,$F40,rng_out_sel_excl_yr_ind, ""), 0)} -> #REF! | L40: {=SUMIFS(INDIRECT('[1]RA Output'!CH$1), rng_out_mail_ind, $B40, rng_out_sel_sp_ind, $D40, rng_out_sel_excl_ind,$E40) + SUMIFS(INDIRECT('[1]RA Output'!CH$1), rng_out_mail_ind, $B40, rng_out_sel_sp_ind, $D40, rng_out_sel_excl_ind,$F40, rng_out_sel_excl_yr_ind, ">0") + IF([1]Tables!$C$16=[1]Tables!$CF$4, SUMIFS(INDIRECT('[1]RA Output'!CH$1), rng_out_mail_ind, $B40, rng_out_sel_sp_ind, $D40, rng_out_sel_excl_ind,$F40,rng_out_sel_excl_yr_ind, ""), 0)} -> #REF! | M40: {=SUMIFS(INDIRECT('[1]RA Output'!CI$1), rng_out_mail_ind, $B40, rng_out_sel_sp_ind, $D40, rng_out_sel_excl_ind,$E40) + SUMIFS(INDIRECT('[1]RA Output'!CI$1), rng_out_mail_ind, $B40, rng_out_sel_sp_ind, $D40, rng_out_sel_excl_ind,$F40, rng_out_sel_excl_yr_ind, ">0") + IF([1]Tables!$C$16=[1]Tables!$CF$4, SUMIFS(INDIRECT('[1]RA Output'!CI$1), rng_out_mail_ind, $B40, rng_out_sel_sp_ind, $D40, rng_out_sel_excl_ind,$F40,rng_out_sel_excl_yr_ind, ""), 0)} -> #REF! | N40: =IFERROR(I40/N$60, 0) -> 0 | O40: =IFERROR(J40/O$60, 0) -> 0 | P40: =IFERROR(K40/P$60, 0) -> 0 | Q40: =IFERROR(L40/Q$60, 0) -> 0 | R40: =IFERROR(M40/R$60, 0) -> 0 | S40: =IFERROR(I40/S$60, 0) -> 0 | T40: =IFERROR(J40/T$60, 0) -> 0 | U40: =IFERROR(K40/U$60, 0) -> 0 | V40: =IFERROR(L40/V$60, 0) -> 0 | W40: =IFERROR(M40/W$60, 0) -> 0 | Y40: Mail | Z40: =IFERROR(I40/[1]Tables!$AT$4, 0) -> 0 | AA40: =IFERROR(J40/[1]Tables!$AT$4, 0) -> 0 | AB40: =IFERROR(K40/[1]Tables!$AT$4, 0) -> 0 | AC40: =IFERROR(L40/[1]Tables!$AT$4, 0) -> 0 | AD40: =IFERROR(M40/[1]Tables!$AT$4, 0) -> 0 | AE40: =IFERROR(N40/[1]Tables!$AT$4, 0) -> 0 | AF40: =IFERROR(O40/[1]Tables!$AT$4, 0) -> 0 | AG40: =IFERROR(P40/[1]Tables!$AT$4, 0) -> 0 | ... AN40: =IFERROR(W40/[1]Tables!$AT$4, 0) -> 0 | AP40: Mail | AQ40: {=(SUMIFS(INDIRECT('[1]RA Output'!DE$1), rng_out_mail_ind, $B40, rng_out_sel_sp_ind, $D40, rng_out_sel_excl_ind,$E40) + SUMIFS(INDIRECT('[1]RA Output'!DE$1), rng_out_mail_ind, $B40, rng_out_sel_sp_ind, $D40, rng_out_sel_excl_ind,$F40, rng_out_sel_excl_yr_ind, ">0") + IF([1]Tables!$C$16=[1]Tables!$CF$4, SUMIFS(INDIRECT('[1]RA Output'!DE$1), rng_out_mail_ind, $B40, rng_out_sel_sp_ind, $D40, rng_out_sel_excl_ind,$F40,rng_out_sel_excl_yr_ind, ""), 0))/[1]Tables!$AT$4} -> #REF! | AR40: {=(SUMIFS(INDIRECT('[1]RA Output'!DF$1), rng_out_mail_ind, $B40, rng_out_sel_sp_ind, $D40, rng_out_sel_excl_ind,$E40) + SUMIFS(INDIRECT('[1]RA Output'!DF$1), rng_out_mail_ind, $B40, rng_out_sel_sp_ind, $D40, rng_out_sel_excl_ind,$F40, rng_out_sel_excl_yr_ind, ">0") + IF([1]Tables!$C$16=[1]Tables!$CF$4, SUMIFS(INDIRECT('[1]RA Output'!DF$1), rng_out_mail_ind, $B40, rng_out_sel_sp_ind, $D40, rng_out_sel_excl_ind,$F40,rng_out_sel_excl_yr_ind, ""), 0))/[1]Tables!$AT$4} -> #REF! | AS40: {=(SUMIFS(INDIRECT('[1]RA Output'!DG$1), rng_out_mail_ind, $B40, rng_out_sel_sp_ind, $D40, rng_out_sel_excl_ind,$E40) + SUMIFS(INDIRECT('[1]RA Output'!DG$1), rng_out_mail_ind, $B40, rng_out_sel_sp_ind, $D40, rng_out_sel_excl_ind,$F40, rng_out_sel_excl_yr_ind, ">0") + IF([1]Tables!$C$16=[1]Tables!$CF$4, SUMIFS(INDIRECT('[1]RA Output'!DG$1), rng_out_mail_ind, $B40, rng_out_sel_sp_ind, $D40, rng_out_sel_excl_ind,$F40,rng_out_sel_excl_yr_ind, ""), 0))/[1]Tables!$AT$4} -> #REF! | AT40: {=(SUMIFS(INDIRECT('[1]RA Output'!DH$1), rng_out_mail_ind, $B40, rng_out_sel_sp_ind, $D40, rng_out_sel_excl_ind,$E40) + SUMIFS(INDIRECT('[1]RA Output'!DH$1), rng_out_mail_ind, $B40, rng_out_sel_sp_ind, $D40, rng_out_sel_excl_ind,$F40, rng_out_sel_excl_yr_ind, ">0") + IF([1]Tables!$C$16=[1]Tables!$CF$4, SUMIFS(INDIRECT('[1]RA Output'!DH$1), rng_out_mail_ind, $B40, rng_out_sel_sp_ind, $D40, rng_out_sel_excl_ind,$F40,rng_out_sel_excl_yr_ind, ""), 0))/[1]Tables!$AT$4} -> #REF! | AU40: {=(SUMIFS(INDIRECT('[1]RA Output'!DI$1), rng_out_mail_ind, $B40, rng_out_sel_sp_ind, $D40, rng_out_sel_excl_ind,$E40) + SUMIFS(INDIRECT('[1]RA Output'!DI$1), rng_out_mail_ind, $B40, rng_out_sel_sp_ind, $D40, rng_out_sel_excl_ind,$F40, rng_out_sel_excl_yr_ind, ">0") + IF([1]Tables!$C$16=[1]Tables!$CF$4, SUMIFS(INDIRECT('[1]RA Output'!DI$1), rng_out_mail_ind, $B40, rng_out_sel_sp_ind, $D40, rng_out_sel_excl_ind,$F40,rng_out_sel_excl_yr_ind, ""), 0))/[1]Tables!$AT$4} -> #REF! | AV40: =IFERROR(AQ40/AV$60, 0) -> 0 | AW40: =IFERROR(AR40/AW$60, 0) -> 0 | AX40: =IFERROR(AS40/AX$60, 0) -> 0 | AY40: =IFERROR(AT40/AY$60, 0) -> 0 | AZ40: =IFERROR(AU40/AZ$60, 0) -> 0 | BA40: =IFERROR(AQ40/BA$60, 0) -> 0 | BB40: =IFERROR(AR40/BB$60, 0) -> 0 | BC40: =IFERROR(AS40/BC$60, 0) -> 0 | BD40: =IFERROR(AT40/BD$60, 0) -> 0 | BE40: =IFERROR(AU40/BE$60, 0) -> 0 | BG40: Mail | BH40: =AQ40*'[1]Lift Adjustment'!M$60 -> #REF! | BI40: =AR40*'[1]Lift Adjustment'!N$60 -> #REF! | BJ40: =AS40*'[1]Lift Adjustment'!O$60 -> #REF! | BK40: =AT40*'[1]Lift Adjustment'!P$60 -> #REF! | BL40: =AU40*'[1]Lift Adjustment'!Q$60 -> #REF! | BM40: =IFERROR(BH40/BM$60, 0) -> 0 | BN40: =IFERROR(BI40/BN$60, 0) -> 0 | BO40: =IFERROR(BJ40/BO$60, 0) -> 0 | BP40: =IFERROR(BK40/BP$60, 0) -> 0 | BQ40: =IFERROR(BL40/BQ$60, 0) -> 0 | BR40: =IFERROR(BH40/BR$60, 0) -> 0 | BS40: =IFERROR(BI40/BS$60, 0) -> 0 | BT40: =IFERROR(BJ40/BT$60, 0) -> 0 | BU40: =IFERROR(BK40/BU$60, 0) -> 0 | BV40: =IFERROR(BL40/BV$60, 0) -> 0 | BX40: Mail | BY40: =CD40*CD60 -> #VALUE! | BZ40: =CE40*CE60 -> #VALUE! | CA40: =CF40*CF60 -> #VALUE! | CB40: =CG40*CG60 -> #VALUE! | CC40: =CH40*CH60 -> #VALUE! | CD40: =BM40-DC40 -> 0 | CE40: =BN40-DD40 -> 0 | CF40: =BO40-DE40 -> 0 | CG40: =BP40-DF40 -> 0 | CH40: =BQ40-DG40 -> 0 | CI40: =IFERROR(BY40/CI60, 0) -> 0 | CJ40: =IFERROR(BZ40/CJ60, 0) -> 0 | CK40: =IFERROR(CA40/CK60, 0) -> 0 | CL40: =IFERROR(CB40/CL60, 0) -> 0 | CM40: =IFERROR(CC40/CM60, 0) -> 0 | DC40: {=IFERROR(BM40-BM40*BR69*(1-INDEX([1]Tables!$EA$4:$EE$60,MATCH([1]Tables!$C$22&$BX40,[1]Tables!$EA$4:$EA$60,0),[1]Tables!$EE$1))*(1-DI40)/CD60, 0)} -> 0 | DD40: {=IFERROR(BN40-BN40*BS69*(1-INDEX([1]Tables!$EA$4:$EE$60,MATCH([1]Tables!$C$22&$BX40,[1]Tables!$EA$4:$EA$60,0),[1]Tables!$EE$1))*(1-DJ40)/CE60, 0)} -> 0 | DE40: {=IFERROR(BO40-BO40*BT69*(1-INDEX([1]Tables!$EA$4:$EE$60,MATCH([1]Tables!$C$22&$BX40,[1]Tables!$EA$4:$EA$60,0),[1]Tables!$EE$1))*(1-DK40)/CF60, 0)} -> 0 | DF40: {=IFERROR(BP40-BP40*BU69*(1-INDEX([1]Tables!$EA$4:$EE$60,MATCH([1]Tables!$C$22&$BX40,[1]Tables!$EA$4:$EA$60,0),[1]Tables!$EE$1))*(1-DL40)/CG60, 0)} -> 0 | DG40: {=IFERROR(BQ40-BQ40*BV69*(1-INDEX([1]Tables!$EA$4:$EE$60,MATCH([1]Tables!$C$22&$BX40,[1]Tables!$EA$4:$EA$60,0),[1]Tables!$EE$1))*(1-DM40)/CH60, 0)} -> 0 | DI40: {=IFERROR(((SUMPRODUCT((rng_out_mail_ind = $B40) * (rng_out_sel_sp_ind = $D40) * (rng_out_sel_excl_ind = $E40) * (rng_out_ppa_post_yr1*rng_out_340B)) + IF([1]Tables!$C$16=[1]Tables!$CF$4, SUMPRODUCT((rng_out_mail_ind = $B40) * (rng_out_sel_sp_ind = $D40) * (rng_out_sel_excl_ind = $F40) * (rng_out_ppa_post_yr1*rng_out_340B)), 0))/[1]Tables!$AT$4)/AQ40, 0)} -> 0 | DJ40: {=IFERROR(((SUMPRODUCT((rng_out_mail_ind = $B40) * (rng_out_sel_sp_ind = $D40) * (rng_out_sel_excl_ind = $E40) * (rng_out_ppa_post_yr2*rng_out_340B)) + IF([1]Tables!$C$16=[1]Tables!$CF$4, SUMPRODUCT((rng_out_mail_ind = $B40) * (rng_out_sel_sp_ind = $D40) * (rng_out_sel_excl_ind = $F40) * (rng_out_ppa_post_yr2*rng_out_340B)), 0))/[1]Tables!$AT$4)/AR40, 0)} -> 0 | DK40: {=IFERROR(((SUMPRODUCT((rng_out_mail_ind = $B40) * (rng_out_sel_sp_ind = $D40) * (rng_out_sel_excl_ind = $E40) * (rng_out_ppa_post_yr3*rng_out_340B)) + IF([1]Tables!$C$16=[1]Tables!$CF$4, SUMPRODUCT((rng_out_mail_ind = $B40) * (rng_out_sel_sp_ind = $D40) * (rng_out_sel_excl_ind = $F40) * (rng_out_ppa_post_yr3*rng_out_340B)), 0))/[1]Tables!$AT$4)/AS40, 0)} -> 0 | DL40: {=IFERROR(((SUMPRODUCT((rng_out_mail_ind = $B40) * (rng_out_sel_sp_ind = $D40) * (rng_out_sel_excl_ind = $E40) * (rng_out_ppa_post_yr4*rng_out_340B)) + IF([1]Tables!$C$16=[1]Tables!$CF$4, SUMPRODUCT((rng_out_mail_ind = $B40) * (rng_out_sel_sp_ind = $D40) * (rng_out_sel_excl_ind = $F40) * (rng_out_ppa_post_yr4*rng_out_340B)), 0))/[1]Tables!$AT$4)/AT40, 0)} -> 0 | DM40: {=IFERROR(((SUMPRODUCT((rng_out_mail_ind = $B40) * (rng_out_sel_sp_ind = $D40) * (rng_out_sel_excl_ind = $E40) * (rng_out_ppa_post_yr5*rng_out_340B)) + IF([1]Tables!$C$16=[1]Tables!$CF$4, SUMPRODUCT((rng_out_mail_ind = $B40) * (rng_out_sel_sp_ind = $D40) * (rng_out_sel_excl_ind = $F40) * (rng_out_ppa_post_yr5*rng_out_340B)), 0))/[1]Tables!$AT$4)/AU40, 0)} -> 0
D41: Y | E41: N | F41: Y | H41: Specialty | I41: {=SUMIFS(INDIRECT('[1]RA Output'!CE$1), rng_out_sel_sp_ind, $D41, rng_out_sel_excl_ind,$E41) + SUMIFS(INDIRECT('[1]RA Output'!CE$1), rng_out_sel_sp_ind, $D41, rng_out_sel_excl_ind,$F41, rng_out_sel_excl_yr_ind, ">0") + IF([1]Tables!$C$16=[1]Tables!$CF$4, SUMIFS(INDIRECT('[1]RA Output'!CE$1), rng_out_sel_sp_ind, $D41, rng_out_sel_excl_ind,$F41, rng_out_sel_excl_yr_ind, ""), 0)} -> #REF! | J41: {=SUMIFS(INDIRECT('[1]RA Output'!CF$1), rng_out_sel_sp_ind, $D41, rng_out_sel_excl_ind,$E41) + SUMIFS(INDIRECT('[1]RA Output'!CF$1), rng_out_sel_sp_ind, $D41, rng_out_sel_excl_ind,$F41, rng_out_sel_excl_yr_ind, ">0") + IF([1]Tables!$C$16=[1]Tables!$CF$4, SUMIFS(INDIRECT('[1]RA Output'!CF$1), rng_out_sel_sp_ind, $D41, rng_out_sel_excl_ind,$F41, rng_out_sel_excl_yr_ind, ""), 0)} -> #REF! | K41: {=SUMIFS(INDIRECT('[1]RA Output'!CG$1), rng_out_sel_sp_ind, $D41, rng_out_sel_excl_ind,$E41) + SUMIFS(INDIRECT('[1]RA Output'!CG$1), rng_out_sel_sp_ind, $D41, rng_out_sel_excl_ind,$F41, rng_out_sel_excl_yr_ind, ">0") + IF([1]Tables!$C$16=[1]Tables!$CF$4, SUMIFS(INDIRECT('[1]RA Output'!CG$1), rng_out_sel_sp_ind, $D41, rng_out_sel_excl_ind,$F41, rng_out_sel_excl_yr_ind, ""), 0)} -> #REF! | L41: {=SUMIFS(INDIRECT('[1]RA Output'!CH$1), rng_out_sel_sp_ind, $D41, rng_out_sel_excl_ind,$E41) + SUMIFS(INDIRECT('[1]RA Output'!CH$1), rng_out_sel_sp_ind, $D41, rng_out_sel_excl_ind,$F41, rng_out_sel_excl_yr_ind, ">0") + IF([1]Tables!$C$16=[1]Tables!$CF$4, SUMIFS(INDIRECT('[1]RA Output'!CH$1), rng_out_sel_sp_ind, $D41, rng_out_sel_excl_ind,$F41, rng_out_sel_excl_yr_ind, ""), 0)} -> #REF! | M41: {=SUMIFS(INDIRECT('[1]RA Output'!CI$1), rng_out_sel_sp_ind, $D41, rng_out_sel_excl_ind,$E41) + SUMIFS(INDIRECT('[1]RA Output'!CI$1), rng_out_sel_sp_ind, $D41, rng_out_sel_excl_ind,$F41, rng_out_sel_excl_yr_ind, ">0") + IF([1]Tables!$C$16=[1]Tables!$CF$4, SUMIFS(INDIRECT('[1]RA Output'!CI$1), rng_out_sel_sp_ind, $D41, rng_out_sel_excl_ind,$F41, rng_out_sel_excl_yr_ind, ""), 0)} -> #REF! | N41: =IFERROR(I41/N$61, 0) -> 0 | O41: =IFERROR(J41/O$61, 0) -> 0 | P41: =IFERROR(K41/P$61, 0) -> 0 | Q41: =IFERROR(L41/Q$61, 0) -> 0 | R41: =IFERROR(M41/R$61, 0) -> 0 | S41: =IFERROR(I41/S$61, 0) -> 0 | T41: =IFERROR(J41/T$61, 0) -> 0 | U41: =IFERROR(K41/U$61, 0) -> 0 | V41: =IFERROR(L41/V$61, 0) -> 0 | W41: =IFERROR(M41/W$61, 0) -> 0 | Y41: Specialty | Z41: =IFERROR(I41/[1]Tables!$AT$4, 0) -> 0 | AA41: =IFERROR(J41/[1]Tables!$AT$4, 0) -> 0 | AB41: =IFERROR(K41/[1]Tables!$AT$4, 0) -> 0 | AC41: =IFERROR(L41/[1]Tables!$AT$4, 0) -> 0 | AD41: =IFERROR(M41/[1]Tables!$AT$4, 0) -> 0 | AE41: =IFERROR(N41/[1]Tables!$AT$4, 0) -> 0 | AF41: =IFERROR(O41/[1]Tables!$AT$4, 0) -> 0 | AG41: =IFERROR(P41/[1]Tables!$AT$4, 0) -> 0 | ... AN41: =IFERROR(W41/[1]Tables!$AT$4, 0) -> 0 | AP41: Specialty | AQ41: {=(SUMIFS(INDIRECT('[1]RA Output'!DE$1), rng_out_sel_sp_ind, $D41, rng_out_sel_excl_ind,$E41) + SUMIFS(INDIRECT('[1]RA Output'!DE$1), rng_out_sel_sp_ind, $D41, rng_out_sel_excl_ind,$F41, rng_out_sel_excl_yr_ind, ">0") + IF([1]Tables!$C$16=[1]Tables!$CF$4, SUMIFS(INDIRECT('[1]RA Output'!DE$1), rng_out_sel_sp_ind, $D41, rng_out_sel_excl_ind,$F41, rng_out_sel_excl_yr_ind, ""), 0))/[1]Tables!$AT$4} -> #REF! | AR41: {=(SUMIFS(INDIRECT('[1]RA Output'!DF$1), rng_out_sel_sp_ind, $D41, rng_out_sel_excl_ind,$E41) + SUMIFS(INDIRECT('[1]RA Output'!DF$1), rng_out_sel_sp_ind, $D41, rng_out_sel_excl_ind,$F41, rng_out_sel_excl_yr_ind, ">0") + IF([1]Tables!$C$16=[1]Tables!$CF$4, SUMIFS(INDIRECT('[1]RA Output'!DF$1), rng_out_sel_sp_ind, $D41, rng_out_sel_excl_ind,$F41, rng_out_sel_excl_yr_ind, ""), 0))/[1]Tables!$AT$4} -> #REF! | AS41: {=(SUMIFS(INDIRECT('[1]RA Output'!DG$1), rng_out_sel_sp_ind, $D41, rng_out_sel_excl_ind,$E41) + SUMIFS(INDIRECT('[1]RA Output'!DG$1), rng_out_sel_sp_ind, $D41, rng_out_sel_excl_ind,$F41, rng_out_sel_excl_yr_ind, ">0") + IF([1]Tables!$C$16=[1]Tables!$CF$4, SUMIFS(INDIRECT('[1]RA Output'!DG$1), rng_out_sel_sp_ind, $D41, rng_out_sel_excl_ind,$F41, rng_out_sel_excl_yr_ind, ""), 0))/[1]Tables!$AT$4} -> #REF! | AT41: {=(SUMIFS(INDIRECT('[1]RA Output'!DH$1), rng_out_sel_sp_ind, $D41, rng_out_sel_excl_ind,$E41) + SUMIFS(INDIRECT('[1]RA Output'!DH$1), rng_out_sel_sp_ind, $D41, rng_out_sel_excl_ind,$F41, rng_out_sel_excl_yr_ind, ">0") + IF([1]Tables!$C$16=[1]Tables!$CF$4, SUMIFS(INDIRECT('[1]RA Output'!DH$1), rng_out_sel_sp_ind, $D41, rng_out_sel_excl_ind,$F41, rng_out_sel_excl_yr_ind, ""), 0))/[1]Tables!$AT$4} -> #REF! | AU41: {=(SUMIFS(INDIRECT('[1]RA Output'!DI$1), rng_out_sel_sp_ind, $D41, rng_out_sel_excl_ind,$E41) + SUMIFS(INDIRECT('[1]RA Output'!DI$1), rng_out_sel_sp_ind, $D41, rng_out_sel_excl_ind,$F41, rng_out_sel_excl_yr_ind, ">0") + IF([1]Tables!$C$16=[1]Tables!$CF$4, SUMIFS(INDIRECT('[1]RA Output'!DI$1), rng_out_sel_sp_ind, $D41, rng_out_sel_excl_ind,$F41, rng_out_sel_excl_yr_ind, ""), 0))/[1]Tables!$AT$4} -> #REF! | AV41: =IFERROR(AQ41/AV$61, 0) -> 0 | AW41: =IFERROR(AR41/AW$61, 0) -> 0 | AX41: =IFERROR(AS41/AX$61, 0) -> 0 | AY41: =IFERROR(AT41/AY$61, 0) -> 0 | AZ41: =IFERROR(AU41/AZ$61, 0) -> 0 | BA41: =IFERROR(AQ41/BA$61, 0) -> 0 | BB41: =IFERROR(AR41/BB$61, 0) -> 0 | BC41: =IFERROR(AS41/BC$61, 0) -> 0 | BD41: =IFERROR(AT41/BD$61, 0) -> 0 | BE41: =IFERROR(AU41/BE$61, 0) -> 0 | BG41: Specialty | BH41: =AQ41*'[1]Lift Adjustment'!M$61 -> #REF! | BI41: =AR41*'[1]Lift Adjustment'!N$61 -> #REF! | BJ41: =AS41*'[1]Lift Adjustment'!O$61 -> #REF! | BK41: =AT41*'[1]Lift Adjustment'!P$61 -> #REF! | BL41: =AU41*'[1]Lift Adjustment'!Q$61 -> #REF! | BM41: =IFERROR(BH41/BM$61, 0) -> 0 | BN41: =IFERROR(BI41/BN$61, 0) -> 0 | BO41: =IFERROR(BJ41/BO$61, 0) -> 0 | BP41: =IFERROR(BK41/BP$61, 0) -> 0 | BQ41: =IFERROR(BL41/BQ$61, 0) -> 0 | BR41: =IFERROR(BH41/BR$61, 0) -> 0 | BS41: =IFERROR(BI41/BS$61, 0) -> 0 | BT41: =IFERROR(BJ41/BT$61, 0) -> 0 | BU41: =IFERROR(BK41/BU$61, 0) -> 0 | BV41: =IFERROR(BL41/BV$61, 0) -> 0 | BX41: Specialty | BY41: =CD41*CD61 -> #VALUE! | BZ41: =CE41*CE61 -> #VALUE! | CA41: =CF41*CF61 -> #VALUE! | CB41: =CG41*CG61 -> #VALUE! | CC41: =CH41*CH61 -> #VALUE! | CD41: =BM41-DC41 -> 0 | CE41: =BN41-DD41 -> 0 | CF41: =BO41-DE41 -> 0 | CG41: =BP41-DF41 -> 0 | CH41: =BQ41-DG41 -> 0 | CI41: =IFERROR(BY41/CI61, 0) -> 0 | CJ41: =IFERROR(BZ41/CJ61, 0) -> 0 | CK41: =IFERROR(CA41/CK61, 0) -> 0 | CL41: =IFERROR(CB41/CL61, 0) -> 0 | CM41: =IFERROR(CC41/CM61, 0) -> 0 | DC41: {=IFERROR(BM41-BM41*BR70*(1-INDEX([1]Tables!$EA$4:$EE$60,MATCH([1]Tables!$C$22&$BX41,[1]Tables!$EA$4:$EA$60,0),[1]Tables!$EE$1))*(1-DI41)/CD61, 0)} -> 0 | DD41: {=IFERROR(BN41-BN41*BS70*(1-INDEX([1]Tables!$EA$4:$EE$60,MATCH([1]Tables!$C$22&$BX41,[1]Tables!$EA$4:$EA$60,0),[1]Tables!$EE$1))*(1-DJ41)/CE61, 0)} -> 0 | DE41: {=IFERROR(BO41-BO41*BT70*(1-INDEX([1]Tables!$EA$4:$EE$60,MATCH([1]Tables!$C$22&$BX41,[1]Tables!$EA$4:$EA$60,0),[1]Tables!$EE$1))*(1-DK41)/CF61, 0)} -> 0 | DF41: {=IFERROR(BP41-BP41*BU70*(1-INDEX([1]Tables!$EA$4:$EE$60,MATCH([1]Tables!$C$22&$BX41,[1]Tables!$EA$4:$EA$60,0),[1]Tables!$EE$1))*(1-DL41)/CG61, 0)} -> 0 | DG41: {=IFERROR(BQ41-BQ41*BV70*(1-INDEX([1]Tables!$EA$4:$EE$60,MATCH([1]Tables!$C$22&$BX41,[1]Tables!$EA$4:$EA$60,0),[1]Tables!$EE$1))*(1-DM41)/CH61, 0)} -> 0 | DI41: {=IFERROR(((SUMPRODUCT((rng_out_sel_sp_ind = $D41) * (rng_out_sel_excl_ind = $E41) * (rng_out_ppa_post_yr1*rng_out_340B)) + IF([1]Tables!$C$16=[1]Tables!$CF$4, SUMPRODUCT((rng_out_sel_sp_ind = $D41) * (rng_out_sel_excl_ind = $F41) * (rng_out_ppa_post_yr1*rng_out_340B)), 0))/[1]Tables!$AT$4)/AQ41, 0)} -> 0 | DJ41: {=IFERROR(((SUMPRODUCT((rng_out_sel_sp_ind = $D41) * (rng_out_sel_excl_ind = $E41) * (rng_out_ppa_post_yr2*rng_out_340B)) + IF([1]Tables!$C$16=[1]Tables!$CF$4, SUMPRODUCT((rng_out_sel_sp_ind = $D41) * (rng_out_sel_excl_ind = $F41) * (rng_out_ppa_post_yr2*rng_out_340B)), 0))/[1]Tables!$AT$4)/AR41, 0)} -> 0 | DK41: {=IFERROR(((SUMPRODUCT((rng_out_sel_sp_ind = $D41) * (rng_out_sel_excl_ind = $E41) * (rng_out_ppa_post_yr3*rng_out_340B)) + IF([1]Tables!$C$16=[1]Tables!$CF$4, SUMPRODUCT((rng_out_sel_sp_ind = $D41) * (rng_out_sel_excl_ind = $F41) * (rng_out_ppa_post_yr3*rng_out_340B)), 0))/[1]Tables!$AT$4)/AS41, 0)} -> 0 | DL41: {=IFERROR(((SUMPRODUCT((rng_out_sel_sp_ind = $D41) * (rng_out_sel_excl_ind = $E41) * (rng_out_ppa_post_yr4*rng_out_340B)) + IF([1]Tables!$C$16=[1]Tables!$CF$4, SUMPRODUCT((rng_out_sel_sp_ind = $D41) * (rng_out_sel_excl_ind = $F41) * (rng_out_ppa_post_yr4*rng_out_340B)), 0))/[1]Tables!$AT$4)/AT41, 0)} -> 0 | DM41: {=IFERROR(((SUMPRODUCT((rng_out_sel_sp_ind = $D41) * (rng_out_sel_excl_ind = $E41) * (rng_out_ppa_post_yr5*rng_out_340B)) + IF([1]Tables!$C$16=[1]Tables!$CF$4, SUMPRODUCT((rng_out_sel_sp_ind = $D41) * (rng_out_sel_excl_ind = $F41) * (rng_out_ppa_post_yr5*rng_out_340B)), 0))/[1]Tables!$AT$4)/AU41, 0)} -> 0
H42: Total | I42: =SUM(I38:I41) -> #REF! | J42: =SUM(J38:J41) -> #REF! | K42: =SUM(K38:K41) -> #REF! | L42: =SUM(L38:L41) -> #REF! | M42: =SUM(M38:M41) -> #REF! | N42: =IFERROR(I42/N$62, 0) -> 0 | O42: =IFERROR(J42/O$62, 0) -> 0 | P42: =IFERROR(K42/P$62, 0) -> 0 | Q42: =IFERROR(L42/Q$62, 0) -> 0 | R42: =IFERROR(M42/R$62, 0) -> 0 | S42: =IFERROR(I42/S$62, 0) -> 0 | T42: =IFERROR(J42/T$62, 0) -> 0 | U42: =IFERROR(K42/U$62, 0) -> 0 | V42: =IFERROR(L42/V$62, 0) -> 0 | W42: =IFERROR(M42/W$62, 0) -> 0 | Y42: Total | Z42: =SUM(Z38:Z41) -> 0 | AA42: =SUM(AA38:AA41) -> 0 | AB42: =SUM(AB38:AB41) -> 0 | AC42: =SUM(AC38:AC41) -> 0 | AD42: =SUM(AD38:AD41) -> 0 | AE42: =IFERROR(N42/[1]Tables!$AT$4, 0) -> 0 | AF42: =IFERROR(O42/[1]Tables!$AT$4, 0) -> 0 | AG42: =IFERROR(P42/[1]Tables!$AT$4, 0) -> 0 | AH42: =IFERROR(Q42/[1]Tables!$AT$4, 0) -> 0 | AI42: =IFERROR(R42/[1]Tables!$AT$4, 0) -> 0 | AJ42: =IFERROR(S42/[1]Tables!$AT$4, 0) -> 0 | AK42: =IFERROR(T42/[1]Tables!$AT$4, 0) -> 0 | AL42: =IFERROR(U42/[1]Tables!$AT$4, 0) -> 0 | ... AN42: =IFERROR(W42/[1]Tables!$AT$4, 0) -> 0 | AP42: Total | AQ42: =SUM(AQ38:AQ41) -> #REF! | AR42: =SUM(AR38:AR41) -> #REF! | AS42: =SUM(AS38:AS41) -> #REF! | AT42: =SUM(AT38:AT41) -> #REF! | AU42: =SUM(AU38:AU41) -> #REF! | AV42: =IFERROR(AQ42/AV$62, 0) -> 0 | AW42: =IFERROR(AR42/AW$62, 0) -> 0 | AX42: =IFERROR(AS42/AX$62, 0) -> 0 | AY42: =IFERROR(AT42/AY$62, 0) -> 0 | AZ42: =IFERROR(AU42/AZ$62, 0) -> 0 | BA42: =IFERROR(AQ42/BA$62, 0) -> 0 | BB42: =IFERROR(AR42/BB$62, 0) -> 0 | BC42: =IFERROR(AS42/BC$62, 0) -> 0 | BD42: =IFERROR(AT42/BD$62, 0) -> 0 | BE42: =IFERROR(AU42/BE$62, 0) -> 0 | BG42: Total | BH42: =SUM(BH38:BH41) -> #REF! | BI42: =SUM(BI38:BI41) -> #REF! | BJ42: =SUM(BJ38:BJ41) -> #REF! | BK42: =SUM(BK38:BK41) -> #REF! | BL42: =SUM(BL38:BL41) -> #REF! | BM42: =IFERROR(BH42/BM$62, 0) -> 0 | BN42: =IFERROR(BI42/BN$62, 0) -> 0 | BO42: =IFERROR(BJ42/BO$62, 0) -> 0 | BP42: =IFERROR(BK42/BP$62, 0) -> 0 | BQ42: =IFERROR(BL42/BQ$62, 0) -> 0 | BR42: =IFERROR(BH42/BR$62, 0) -> 0 | BS42: =IFERROR(BI42/BS$62, 0) -> 0 | BT42: =IFERROR(BJ42/BT$62, 0) -> 0 | BU42: =IFERROR(BK42/BU$62, 0) -> 0 | BV42: =IFERROR(BL42/BV$62, 0) -> 0 | BX42: Total | BY42: =SUM(BY38:BY41) -> #VALUE! | BZ42: =SUM(BZ38:BZ41) -> #VALUE! | CA42: =SUM(CA38:CA41) -> #VALUE! | CB42: =SUM(CB38:CB41) -> #VALUE! | CC42: =SUM(CC38:CC41) -> #VALUE! | CD42: =IFERROR(BY42/CD62, 0) -> 0 | CE42: =IFERROR(BZ42/CE62, 0) -> 0 | CF42: =IFERROR(CA42/CF62, 0) -> 0 | CG42: =IFERROR(CB42/CG62, 0) -> 0 | CH42: =IFERROR(CC42/CH62, 0) -> 0 | CI42: =IFERROR(BY42/CI62, 0) -> 0 | CJ42: =IFERROR(BZ42/CJ62, 0) -> 0 | CK42: =IFERROR(CA42/CK62, 0) -> 0 | CL42: =IFERROR(CB42/CL62, 0) -> 0 | CM42: =IFERROR(CC42/CM62, 0) -> 0
I44: Total Rebates | Z44: Total Rebates | AQ44: Total Rebates | BH44: Total Rebates | BY44: Total Rebates
I45: Total $ | N45: Per Brand Script | S45: Per Total Script | Z45: Total $ | AE45: Per Brand Script | AJ45: Per Total Script | AQ45: Total $ | AV45: Per Brand Script | BA45: Per Total Script | BH45: Total $ | BM45: Per Brand Script | BR45: Per Total Script | BY45: Total $ | CD45: Per Brand Script | CI45: Per Total Script
